-- phpMyAdmin SQL Dump
-- version 5.2.0
-- https://www.phpmyadmin.net/
--
-- Host: db
-- Generation Time: Nov 22, 2022 at 04:32 PM
-- Server version: 10.8.3-MariaDB-1:10.8.3+maria~jammy
-- PHP Version: 8.0.22

SET SQL_MODE = "NO_AUTO_VALUE_ON_ZERO";
START TRANSACTION;
SET time_zone = "+00:00";


/*!40101 SET @OLD_CHARACTER_SET_CLIENT=@@CHARACTER_SET_CLIENT */;
/*!40101 SET @OLD_CHARACTER_SET_RESULTS=@@CHARACTER_SET_RESULTS */;
/*!40101 SET @OLD_COLLATION_CONNECTION=@@COLLATION_CONNECTION */;
/*!40101 SET NAMES utf8mb4 */;

--
-- Database: `csc251_airline`
--

-- --------------------------------------------------------

--
-- Table structure for table `airplane`
--

CREATE TABLE `airplane` (
  `id` int(11) NOT NULL COMMENT 'unique id ใช้สำหรับเชื่อมความสัมพันธ์กับ table อื่นๆ ',
  `airplane_data_id` int(11) NOT NULL COMMENT 'id ข้อมูลเครื่องบิน',
  `airplane_status_id` int(11) NOT NULL COMMENT 'id สถานะของเครื่องบิน',
  `create_at` datetime NOT NULL COMMENT 'วันเดือนปีที่สร้าง record',
  `update_at` datetime NOT NULL COMMENT 'วันเดือนปีที่แก้ไข record'
) ENGINE=InnoDB DEFAULT CHARSET=utf8mb4;

--
-- Dumping data for table `airplane`
--

INSERT INTO `airplane` (`id`, `airplane_data_id`, `airplane_status_id`, `create_at`, `update_at`) VALUES
(1, 4, 2, '2020-01-01 12:33:45', '2020-01-01 12:33:45'),
(2, 4, 2, '2020-01-01 12:33:45', '2020-01-01 12:33:45'),
(3, 7, 1, '2020-01-01 12:33:45', '2020-01-01 12:33:45'),
(4, 12, 1, '2020-01-01 12:33:45', '2020-01-01 12:33:45'),
(5, 12, 3, '2020-01-01 12:33:45', '2020-01-01 12:33:45'),
(6, 14, 1, '2020-01-01 12:33:45', '2020-01-01 12:33:45'),
(7, 14, 1, '2020-01-01 12:33:45', '2020-01-01 12:33:45'),
(8, 14, 1, '2020-01-01 12:33:45', '2020-01-01 12:33:45'),
(9, 14, 1, '2020-01-01 12:33:45', '2020-01-01 12:33:45'),
(10, 14, 1, '2020-01-01 12:33:45', '2020-01-01 12:33:45');

-- --------------------------------------------------------

--
-- Table structure for table `airplane_data`
--

CREATE TABLE `airplane_data` (
  `id` int(11) NOT NULL COMMENT 'unique id ใช้สำหรับเชื่อมความสัมพันธ์กับ table อื่นๆ ',
  `airplane_manufacturer_id` int(11) NOT NULL COMMENT 'id บริษัทที่ผลิตเครื่องบิน',
  `model` varchar(30) NOT NULL COMMENT 'รุ่นของเครื่องบิน',
  `icao_code` char(4) NOT NULL COMMENT 'รหัสเครื่องบินของ ICAO',
  `create_at` datetime NOT NULL COMMENT 'วันเดือนปีที่สร้าง record',
  `update_at` datetime NOT NULL COMMENT 'วันเดือนปีที่แก้ไข record'
) ENGINE=InnoDB DEFAULT CHARSET=utf8mb4;

--
-- Dumping data for table `airplane_data`
--

INSERT INTO `airplane_data` (`id`, `airplane_manufacturer_id`, `model`, `icao_code`, `create_at`, `update_at`) VALUES
(1, 2, 'A310-300', 'A310', '2020-01-01 12:33:45', '2020-01-01 12:33:45'),
(2, 2, 'A318-100', 'A318', '2020-01-01 12:33:45', '2020-01-01 12:33:45'),
(3, 2, 'A319-100', 'A319', '2020-01-01 12:33:45', '2020-01-01 12:33:45'),
(4, 2, 'A320-200', 'A320', '2020-01-01 12:33:45', '2020-01-01 12:33:45'),
(5, 2, 'A330-300', 'A333', '2020-01-01 12:33:45', '2020-01-01 12:33:45'),
(6, 2, 'A350-900', 'A359', '2020-01-01 12:33:45', '2020-01-01 12:33:45'),
(7, 2, 'A380-800', 'A388', '2020-01-01 12:33:45', '2020-01-01 12:33:45'),
(8, 1, '737-100', 'B731', '2020-01-01 12:33:45', '2020-01-01 12:33:45'),
(9, 1, '737-200', 'B732', '2020-01-01 12:33:45', '2020-01-01 12:33:45'),
(10, 1, '737-800', 'B738', '2020-01-01 12:33:45', '2020-01-01 12:33:45'),
(11, 1, '747-400ER', 'B744', '2020-01-01 12:33:45', '2020-01-01 12:33:45'),
(12, 1, '747-8', 'B748', '2020-01-01 12:33:45', '2020-01-01 12:33:45'),
(13, 1, '777-200', 'B772', '2020-01-01 12:33:45', '2020-01-01 12:33:45'),
(14, 1, '787-9 Dreamliner', 'B789', '2020-01-01 12:33:45', '2020-01-01 12:33:45');

-- --------------------------------------------------------

--
-- Table structure for table `airplane_manufacturer`
--

CREATE TABLE `airplane_manufacturer` (
  `id` int(11) NOT NULL COMMENT 'unique id ใช้สำหรับเชื่อมความสัมพันธ์กับ table อื่นๆ ',
  `name` varchar(50) NOT NULL COMMENT 'ชื่อบริษัทที่ผลิตเครื่องบิน',
  `create_at` datetime NOT NULL COMMENT 'วันเดือนปีที่สร้าง record',
  `update_at` datetime NOT NULL COMMENT 'วันเดือนปีที่แก้ไข record'
) ENGINE=InnoDB DEFAULT CHARSET=utf8mb4;

--
-- Dumping data for table `airplane_manufacturer`
--

INSERT INTO `airplane_manufacturer` (`id`, `name`, `create_at`, `update_at`) VALUES
(1, 'Boeing', '2020-01-01 12:33:45', '2020-01-01 12:33:45'),
(2, 'Airbus', '2020-01-02 12:33:45', '2020-01-02 12:33:45');

-- --------------------------------------------------------

--
-- Table structure for table `airplane_seat`
--

CREATE TABLE `airplane_seat` (
  `id` int(11) NOT NULL COMMENT 'unique id ใช้สำหรับเชื่อมความสัมพันธ์กับ table อื่นๆ ',
  `airplane_id` int(11) NOT NULL COMMENT 'id เครื่องบิน',
  `airplane_seat_class_id` int(11) NOT NULL COMMENT 'id ชั้นโดยสาร',
  `code` varchar(3) NOT NULL COMMENT 'รหัสที่นั่ง เช่น A1 C6',
  `airplane_seat_status_id` int(11) NOT NULL COMMENT 'id สถานะที่นั่ง',
  `create_at` datetime NOT NULL COMMENT 'วันเดือนปีที่สร้าง record',
  `update_at` datetime NOT NULL COMMENT 'วันเดือนปีที่แก้ไข record'
) ENGINE=InnoDB DEFAULT CHARSET=utf8mb4;

--
-- Dumping data for table `airplane_seat`
--

INSERT INTO `airplane_seat` (`id`, `airplane_id`, `airplane_seat_class_id`, `code`, `airplane_seat_status_id`, `create_at`, `update_at`) VALUES
(1, 9, 2, 'A1', 1, '2020-01-01 12:33:45', '2020-01-01 12:33:45'),
(2, 9, 2, 'B1', 1, '2020-01-01 12:33:45', '2020-01-01 12:33:45'),
(3, 9, 2, 'D1', 1, '2020-01-01 12:33:45', '2020-01-01 12:33:45'),
(4, 9, 2, 'E1', 1, '2020-01-01 12:33:45', '2020-01-01 12:33:45'),
(5, 9, 2, 'K1', 1, '2020-01-01 12:33:45', '2020-01-01 12:33:45'),
(6, 9, 2, 'L1', 1, '2020-01-01 12:33:45', '2020-01-01 12:33:45'),
(7, 9, 2, 'A2', 1, '2020-01-01 12:33:45', '2020-01-01 12:33:45'),
(8, 9, 2, 'B2', 1, '2020-01-01 12:33:45', '2020-01-01 12:33:45'),
(9, 9, 2, 'D2', 1, '2020-01-01 12:33:45', '2020-01-01 12:33:45'),
(10, 9, 2, 'E2', 1, '2020-01-01 12:33:45', '2020-01-01 12:33:45'),
(11, 9, 2, 'K2', 1, '2020-01-01 12:33:45', '2020-01-01 12:33:45'),
(12, 9, 2, 'L2', 1, '2020-01-01 12:33:45', '2020-01-01 12:33:45'),
(13, 9, 3, 'A16', 1, '2020-01-01 12:33:45', '2020-01-01 12:33:45'),
(14, 9, 3, 'B16', 1, '2020-01-01 12:33:45', '2020-01-01 12:33:45'),
(15, 9, 3, 'C16', 1, '2020-01-01 12:33:45', '2020-01-01 12:33:45'),
(16, 9, 3, 'D16', 3, '2020-01-01 12:33:45', '2020-01-01 12:33:45'),
(17, 9, 3, 'E16', 1, '2020-01-01 12:33:45', '2020-01-01 12:33:45'),
(18, 9, 3, 'F16', 1, '2020-01-01 12:33:45', '2020-01-01 12:33:45'),
(19, 9, 3, 'J16', 1, '2020-01-01 12:33:45', '2020-01-01 12:33:45'),
(20, 9, 3, 'K16', 1, '2020-01-01 12:33:45', '2020-01-01 12:33:45'),
(21, 9, 3, 'L16', 1, '2020-01-01 12:33:45', '2020-01-01 12:33:45'),
(22, 9, 3, 'A17', 1, '2020-01-01 12:33:45', '2020-01-01 12:33:45'),
(23, 9, 3, 'B17', 1, '2020-01-01 12:33:45', '2020-01-01 12:33:45'),
(24, 9, 3, 'C17', 1, '2020-01-01 12:33:45', '2020-01-01 12:33:45'),
(25, 9, 3, 'D17', 1, '2020-01-01 12:33:45', '2020-01-01 12:33:45'),
(26, 9, 3, 'E17', 1, '2020-01-01 12:33:45', '2020-01-01 12:33:45'),
(27, 9, 3, 'F17', 1, '2020-01-01 12:33:45', '2020-01-01 12:33:45'),
(28, 9, 3, 'J17', 1, '2020-01-01 12:33:45', '2020-01-01 12:33:45'),
(29, 9, 3, 'K17', 1, '2020-01-01 12:33:45', '2020-01-01 12:33:45'),
(30, 9, 3, 'L17', 1, '2020-01-01 12:33:45', '2020-01-01 12:33:45'),
(31, 9, 4, 'A27', 1, '2020-01-01 12:33:45', '2020-01-01 12:33:45'),
(32, 9, 4, 'B27', 2, '2020-01-01 12:33:45', '2020-01-01 12:33:45'),
(33, 9, 4, 'C27', 1, '2020-01-01 12:33:45', '2020-01-01 12:33:45'),
(34, 9, 4, 'J27', 1, '2020-01-01 12:33:45', '2020-01-01 12:33:45'),
(35, 9, 4, 'K27', 1, '2020-01-01 12:33:45', '2020-01-01 12:33:45'),
(36, 9, 4, 'L27', 1, '2020-01-01 12:33:45', '2020-01-01 12:33:45'),
(37, 9, 5, 'A28', 1, '2020-01-01 12:33:45', '2020-01-01 12:33:45'),
(38, 9, 5, 'B28', 1, '2020-01-01 12:33:45', '2020-01-01 12:33:45'),
(39, 9, 5, 'C28', 1, '2020-01-01 12:33:45', '2020-01-01 12:33:45'),
(40, 9, 5, 'J28', 1, '2020-01-01 12:33:45', '2020-01-01 12:33:45'),
(41, 9, 5, 'K28', 1, '2020-01-01 12:33:45', '2020-01-01 12:33:45'),
(42, 9, 5, 'L28', 2, '2020-01-01 12:33:45', '2020-01-01 12:33:45'),
(43, 9, 5, 'A29', 1, '2020-01-01 12:33:45', '2020-01-01 12:33:45'),
(44, 9, 5, 'B29', 1, '2020-01-01 12:33:45', '2020-01-01 12:33:45'),
(45, 9, 5, 'C29', 1, '2020-01-01 12:33:45', '2020-01-01 12:33:45'),
(46, 9, 4, 'D29', 1, '2020-01-01 12:33:45', '2020-01-01 12:33:45'),
(47, 9, 4, 'E29', 1, '2020-01-01 12:33:45', '2020-01-01 12:33:45'),
(48, 9, 4, 'F29', 1, '2020-01-01 12:33:45', '2020-01-01 12:33:45'),
(49, 9, 5, 'J29', 1, '2020-01-01 12:33:45', '2020-01-01 12:33:45'),
(50, 9, 5, 'K29', 1, '2020-01-01 12:33:45', '2020-01-01 12:33:45'),
(51, 9, 5, 'L29', 1, '2020-01-01 12:33:45', '2020-01-01 12:33:45');

-- --------------------------------------------------------

--
-- Table structure for table `airplane_seat_class`
--

CREATE TABLE `airplane_seat_class` (
  `id` int(11) NOT NULL COMMENT 'unique id ใช้สำหรับเชื่อมความสัมพันธ์กับ table อื่นๆ ',
  `title` varchar(20) NOT NULL COMMENT 'ชื่อชั้นโดยสาร เช่น Economy Business First Class',
  `price_rate` decimal(10,2) NOT NULL COMMENT 'ราคาต่อ 1 ไมล์',
  `bag_weight_limit` decimal(10,2) NOT NULL COMMENT 'จำกัดน้ำหนักกระเป๋าเดินทางสำหรับโหลดใต้ท้องเครื่อง',
  `create_at` datetime NOT NULL COMMENT 'วันเดือนปีที่สร้าง record',
  `update_at` datetime NOT NULL COMMENT 'วันเดือนปีที่แก้ไข record'
) ENGINE=InnoDB DEFAULT CHARSET=utf8mb4;

--
-- Dumping data for table `airplane_seat_class`
--

INSERT INTO `airplane_seat_class` (`id`, `title`, `price_rate`, `bag_weight_limit`, `create_at`, `update_at`) VALUES
(1, 'First', '30.00', '40.00', '2020-01-01 12:33:45', '2020-01-01 12:33:45'),
(2, 'Business', '20.00', '30.00', '2020-01-01 12:33:45', '2020-01-01 12:33:45'),
(3, 'Premium Economy', '15.00', '20.00', '2020-01-01 12:33:45', '2020-01-01 12:33:45'),
(4, 'Economy Plus', '12.00', '20.00', '2020-01-01 12:33:45', '2020-01-01 12:33:45'),
(5, 'Economy', '10.00', '20.00', '2020-01-01 12:33:45', '2020-01-01 12:33:45');

-- --------------------------------------------------------

--
-- Table structure for table `airplane_seat_status`
--

CREATE TABLE `airplane_seat_status` (
  `id` int(11) NOT NULL COMMENT 'unique id ใช้สำหรับเชื่อมความสัมพันธ์กับ table อื่นๆ ',
  `title` varchar(10) NOT NULL COMMENT 'สถานะที่นั่ง เช่น ใช้งานปกติ ชำรุด เลิกใช้งาน',
  `create_at` datetime NOT NULL COMMENT 'วันเดือนปีที่สร้าง record',
  `update_at` datetime NOT NULL COMMENT 'วันเดือนปีที่แก้ไข record'
) ENGINE=InnoDB DEFAULT CHARSET=utf8mb4;

--
-- Dumping data for table `airplane_seat_status`
--

INSERT INTO `airplane_seat_status` (`id`, `title`, `create_at`, `update_at`) VALUES
(1, 'active', '2020-01-01 12:33:45', '2020-01-01 12:33:45'),
(2, 'broken', '2020-01-01 12:33:45', '2020-01-01 12:33:45'),
(3, 'repair', '2020-01-01 12:33:45', '2020-01-01 12:33:45'),
(4, 'deprecate', '2020-01-01 12:33:45', '2020-01-01 12:33:45');

-- --------------------------------------------------------

--
-- Table structure for table `airplane_status`
--

CREATE TABLE `airplane_status` (
  `id` int(11) NOT NULL COMMENT 'unique id ใช้สำหรับเชื่อมความสัมพันธ์กับ table อื่นๆ ',
  `title` varchar(10) NOT NULL COMMENT 'สถานะของเครื่องบิน เช่น ใช้งานปกติ ซ่อมแซม เลิกใช้ ',
  `create_at` datetime NOT NULL COMMENT 'วันเดือนปีที่สร้าง record',
  `update_at` datetime NOT NULL COMMENT 'วันเดือนปีที่แก้ไข record'
) ENGINE=InnoDB DEFAULT CHARSET=utf8mb4;

--
-- Dumping data for table `airplane_status`
--

INSERT INTO `airplane_status` (`id`, `title`, `create_at`, `update_at`) VALUES
(1, 'active', '2020-01-01 12:33:45', '2020-01-01 12:33:45'),
(2, 'repair', '2020-01-01 12:33:45', '2020-01-01 12:33:45'),
(3, 'deprecate', '2020-01-01 12:33:45', '2020-01-01 12:33:45');

-- --------------------------------------------------------

--
-- Table structure for table `airport`
--

CREATE TABLE `airport` (
  `id` int(11) NOT NULL COMMENT 'unique id ใช้สำหรับเชื่อมความสัมพันธ์กับ table อื่นๆ ',
  `name` varchar(100) NOT NULL COMMENT 'ชื่อสนามบิน',
  `city` varchar(50) NOT NULL COMMENT 'ชื่อเมือง',
  `country` varchar(50) NOT NULL COMMENT 'ชื่อประเทศ',
  `iata_code` char(3) NOT NULL COMMENT 'รหัสสนามบินของ IATA',
  `icao_code` char(4) NOT NULL COMMENT 'รหัสสนามบินของ ICAO',
  `latitude` varchar(20) NOT NULL COMMENT 'ละติจูดที่ตั้งสนามบิน',
  `longitude` varchar(20) NOT NULL COMMENT 'ลองติจูดที่ตั้งสนามบิน',
  `timezone` int(11) NOT NULL COMMENT 'เขตเวลาที่ต้องบวกจาก GMT Time',
  `tax` decimal(10,2) NOT NULL COMMENT 'ค่าภาษีสนามบิน',
  `create_at` datetime NOT NULL COMMENT 'วันเดือนปีที่สร้าง record',
  `update_at` datetime NOT NULL COMMENT 'วันเดือนปีที่แก้ไข record'
) ENGINE=InnoDB DEFAULT CHARSET=utf8mb4;

--
-- Dumping data for table `airport`
--

INSERT INTO `airport` (`id`, `name`, `city`, `country`, `iata_code`, `icao_code`, `latitude`, `longitude`, `timezone`, `tax`, `create_at`, `update_at`) VALUES
(1, 'Erenhot Saiwusu International Airport', 'Erenhot', 'China', 'ERL', 'ZBER', '43.4225', '112.096667', 8, '3000.00', '2020-01-01 12:33:45', '2020-01-01 12:33:45'),
(2, 'Beijing Daxing International Airport', 'Beijing', 'China', 'PKX', 'ZBAD', '39.509945', '116.41092', 8, '3000.00', '2020-01-01 12:33:45', '2020-01-01 12:33:45'),
(3, 'Hechi Jinchengjiang Airport', 'Hechi', 'China', 'HCJ', 'ZGHC', '24.805', '107.6997', 8, '3000.00', '2020-01-01 12:33:45', '2020-01-01 12:33:45'),
(4, 'Dongji Aiport', 'Fuyuan', 'China', 'FYJ', 'ZYFY', '48.199494', '134.366447', 8, '3000.00', '2020-01-01 12:33:45', '2020-01-01 12:33:45'),
(5, 'Liupanshui Yuezhao Airport', 'Liupanshui', 'China', 'LPF', 'ZUPS', '26.609417', '104.979', 8, '3000.00', '2020-01-01 12:33:45', '2020-01-01 12:33:45'),
(6, 'Kaili Airport', 'Kaili', 'China', 'KJH', 'ZUKJ', '26.972', '107.988', 8, '3000.00', '2020-01-01 12:33:45', '2020-01-01 12:33:45'),
(7, 'Shennongjia Hongping Airport', 'Shennongjia', 'China', 'HPG', 'ZHSN', '31.626', '110.34', 8, '3000.00', '2020-01-01 12:33:45', '2020-01-01 12:33:45'),
(8, 'Zhangjiakou Ningyuan Airport', 'Zhangjiakou', 'China', 'ZQZ', 'ZBZJ', '40.73860168', '114.9300003', 8, '3000.00', '2020-01-01 12:33:45', '2020-01-01 12:33:45'),
(9, 'Arxan Yi\'ershi Airport', 'Arxan', 'China', 'YIE', 'ZBES', '47.3106', '119.9117', 8, '3000.00', '2020-01-01 12:33:45', '2020-01-01 12:33:45'),
(10, 'Hengyang Nanyue Airport', 'Hengyang', 'China', 'HNY', 'ZGHY', '26.9053', '112.627998', 8, '3000.00', '2020-01-01 12:33:45', '2020-01-01 12:33:45'),
(11, 'Hongyuan Airport', 'Ngawa', 'China', 'AHJ', 'ZUHY', '32.53154', '102.35224', 8, '3000.00', '2020-01-01 12:33:45', '2020-01-01 12:33:45'),
(12, 'Jinchuan Airport', 'Jinchuan', 'China', 'JIC', 'ZLJC', '38.54222222', '102.3483333', 8, '3000.00', '2020-01-01 12:33:45', '2020-01-01 12:33:45'),
(13, 'Alashankou Bole (Bortala) airport', 'Bole', 'China', 'BPL', 'ZWAX', '44.895', '82.3', 8, '3000.00', '2020-01-01 12:33:45', '2020-01-01 12:33:45'),
(14, 'Fuyun Koktokay Airport', 'Fuyun', 'China', 'FYN', 'ZWFY', '46.804169', '89.512006', 8, '3000.00', '2020-01-01 12:33:45', '2020-01-01 12:33:45'),
(15, 'Linfen Qiaoli Airport', 'LINFEN', 'China', 'LFQ', 'ZBLF', '36.132629', '111.641236', 8, '3000.00', '2020-01-01 12:33:45', '2020-01-01 12:33:45'),
(16, 'Rizhao Shanzihe Airport', 'Rizhao', 'China', 'RIZ', 'ZSRZ', '35.405033', '119.324403', 8, '3000.00', '2020-01-01 12:33:45', '2020-01-01 12:33:45'),
(17, 'Shaxian Airport', 'Sanming', 'China', 'SQJ', 'ZSSM', '26.4263', '117.8336', 8, '3000.00', '2020-01-01 12:33:45', '2020-01-01 12:33:45'),
(18, 'Alxa Left Banner Bayanhot Airport', 'Alxa Left Banner', 'China', 'AXF', 'ZBAL', '38.74831', '105.58858', 8, '3000.00', '2020-01-01 12:33:45', '2020-01-01 12:33:45'),
(19, 'Delingha Airport', 'Haixi', 'China', 'HXD', 'ZLDL', '37.125286', '97.268658', 8, '3000.00', '2020-01-01 12:33:45', '2020-01-01 12:33:45'),
(20, 'Qionghai Bo\'ao Airport', 'Qionghai', 'China', 'BAR', 'ZJQH', '19.13824', '110.454775', 8, '3000.00', '2020-01-01 12:33:45', '2020-01-01 12:33:45'),
(21, 'Ulanqab Jining Airport', 'Wulanchabu', 'China', 'UCB', 'ZBUC', '41.129722', '113.108056', 8, '3000.00', '2020-01-01 12:33:45', '2020-01-01 12:33:45'),
(22, 'Shaoyang Wugang Airport', 'Shaoyang', 'China', 'WGN', 'ZGSY', '26.802', '110.642', 8, '3000.00', '2020-01-01 12:33:45', '2020-01-01 12:33:45'),
(23, 'Baicheng Chang\'an Airport', 'Baicheng', 'China', 'DBC', 'ZYBA', '45.505278', '123.019722', 8, '3000.00', '2020-01-01 12:33:45', '2020-01-01 12:33:45'),
(24, 'Longnan Chengzhou Airport', 'Longnan', 'China', 'LNL', 'ZLLN', '33.788', '105.797', 8, '3000.00', '2020-01-01 12:33:45', '2020-01-01 12:33:45'),
(25, 'Shangrao Sanqingshan Airport', 'Shangrao', 'China', 'SQD', 'ZSSR', '28.3797', '117.9643', 8, '3000.00', '2020-01-01 12:33:45', '2020-01-01 12:33:45'),
(26, 'Songyuan Chaganhu Airport', 'Songyuan', 'China', 'YSQ', 'ZYSQ', '44.938114', '124.550178', 8, '3000.00', '2020-01-01 12:33:45', '2020-01-01 12:33:45'),
(27, 'Jiansanjiang Airport', 'Jiansanjiang', 'China', 'JSJ', 'ZYJS', '47.11', '132.660278', 8, '3000.00', '2020-01-01 12:33:45', '2020-01-01 12:33:45'),
(28, 'Zunyi Maotai Airport', 'Zunyi', 'China', 'WMT', 'ZUMT', '27.81638', '106.33268', 8, '3000.00', '2020-01-01 12:33:45', '2020-01-01 12:33:45'),
(29, 'Libo Airport', 'Libo', 'China', 'LLB', 'ZULB', '25.4525', '107.961667', 8, '3000.00', '2020-01-01 12:33:45', '2020-01-01 12:33:45'),
(30, 'Chengde Puning Airport', 'Chengde', 'China', 'CDE', 'ZBCD', '41.1225', '118.073889', 8, '3000.00', '2020-01-01 12:33:45', '2020-01-01 12:33:45'),
(31, 'Wudalianchi Dedu Airport', 'Wudalianchi', 'China', 'DTU', 'ZYDU', '48.445', '126.133', 8, '3000.00', '2020-01-01 12:33:45', '2020-01-01 12:33:45'),
(32, 'Ejin Banner-Taolai Airport', 'Ejin Banner', 'China', 'EJN', 'ZBEN', '42.0155', '101.0005', 8, '3000.00', '2020-01-01 12:33:45', '2020-01-01 12:33:45'),
(33, 'Alxa Right Banner Badanjilin Airport', 'Alxa Right Banner', 'China', 'RHT', 'ZBAR', '39.225', '101.546', 8, '3000.00', '2020-01-01 12:33:45', '2020-01-01 12:33:45'),
(34, 'Holingol Huolinhe Airport', 'Holingol', 'China', 'HUO', 'ZBHZ', '45.487222', '119.407222', 8, '3000.00', '2020-01-01 12:33:45', '2020-01-01 12:33:45'),
(35, 'Golog Maqin Airport', 'Golog', 'China', 'GMQ', 'ZLGL', '34.418066', '100.301144', 8, '3000.00', '2020-01-01 12:33:45', '2020-01-01 12:33:45'),
(36, 'Yeerqiang Airport', 'Yarkant', 'China', 'QSZ', 'ZWSC', '38.281055', '77.075192', 8, '3000.00', '2020-01-01 12:33:45', '2020-01-01 12:33:45'),
(37, 'Cangyuan Washan Airport', 'Cangyuan', 'China', 'CWJ', 'ZPCW', '23.273889', '99.373611', 8, '3000.00', '2020-01-01 12:33:45', '2020-01-01 12:33:45'),
(38, 'Lancang Jingmai Airport', 'Lancang Lahu', 'China', 'JMJ', 'ZPJM', '22.415833', '99.786389', 8, '3000.00', '2020-01-01 12:33:45', '2020-01-01 12:33:45'),
(39, 'Ninglang Luguhu Airport', 'Ninglang', 'China', 'NLH', 'ZPNL', '27.5403', '100.7593', 8, '3000.00', '2020-01-01 12:33:45', '2020-01-01 12:33:45'),
(40, 'Xinzhou Wutaishan Airport', 'Xinzhou', 'China', 'WUT', 'ZBXZ', '38.597456', '112.969173', 8, '3000.00', '2020-01-01 12:33:45', '2020-01-01 12:33:45'),
(41, 'Chengjisihan Airport', 'Zhalantun', 'China', 'NZL', 'ZBZL', '47.865833', '122.767503', 8, '3000.00', '2020-01-01 12:33:45', '2020-01-01 12:33:45'),
(42, 'Beijing Capital International Airport', 'Beijing', 'China', 'PEK', 'ZBAA', '40.08010101', '116.5849991', 8, '3000.00', '2020-01-01 12:33:45', '2020-01-01 12:33:45'),
(43, 'Dongshan Airport', 'Hailar', 'China', 'HLD', 'ZBLA', '49.20500183', '119.8249969', 8, '3000.00', '2020-01-01 12:33:45', '2020-01-01 12:33:45'),
(44, 'Tianjin Binhai International Airport', 'Tianjin', 'China', 'TSN', 'ZBTJ', '39.12440109', '117.3460007', 8, '3000.00', '2020-01-01 12:33:45', '2020-01-01 12:33:45'),
(45, 'Taiyuan Wusu Airport', 'Taiyuan', 'China', 'TYN', 'ZBYN', '37.74689865', '112.6279984', 8, '3000.00', '2020-01-01 12:33:45', '2020-01-01 12:33:45'),
(46, 'Guangzhou Baiyun International Airport', 'Guangzhou', 'China', 'CAN', 'ZGGG', '23.39240074', '113.2990036', 8, '3000.00', '2020-01-01 12:33:45', '2020-01-01 12:33:45'),
(47, 'Changsha Huanghua International Airport', 'Changcha', 'China', 'CSX', 'ZGHA', '28.18919945', '113.2200012', 8, '3000.00', '2020-01-01 12:33:45', '2020-01-01 12:33:45'),
(48, 'Guilin Liangjiang International Airport', 'Guilin', 'China', 'KWL', 'ZGKL', '25.21809959', '110.0390015', 8, '3000.00', '2020-01-01 12:33:45', '2020-01-01 12:33:45'),
(49, 'Nanning Wuxu Airport', 'Nanning', 'China', 'NNG', 'ZGNN', '22.60829926', '108.1719971', 8, '3000.00', '2020-01-01 12:33:45', '2020-01-01 12:33:45'),
(50, 'Shenzhen Bao\'an International Airport', 'Shenzhen', 'China', 'SZX', 'ZGSZ', '22.63929939', '113.810997', 8, '3000.00', '2020-01-01 12:33:45', '2020-01-01 12:33:45'),
(51, 'Zhengzhou Xinzheng International Airport', 'Zhengzhou', 'China', 'CGO', 'ZHCC', '34.5196991', '113.8410034', 8, '3000.00', '2020-01-01 12:33:45', '2020-01-01 12:33:45'),
(52, 'Wuhan Tianhe International Airport', 'Wuhan', 'China', 'WUH', 'ZHHH', '30.7838', '114.208', 8, '3000.00', '2020-01-01 12:33:45', '2020-01-01 12:33:45'),
(53, 'Lanzhou Zhongchuan Airport', 'Lanzhou', 'China', 'LHW', 'ZLLL', '36.51520157', '103.6200027', 8, '3000.00', '2020-01-01 12:33:45', '2020-01-01 12:33:45'),
(54, 'Xi\'an Xianyang International Airport', 'Xi\'an', 'China', 'XIY', 'ZLXY', '34.447102', '108.751999', 8, '3000.00', '2020-01-01 12:33:45', '2020-01-01 12:33:45'),
(55, 'Xishuangbanna Gasa Airport', 'Jinghonggasa', 'China', 'JHG', 'ZPJH', '21.97389984', '100.7600021', 8, '3000.00', '2020-01-01 12:33:45', '2020-01-01 12:33:45'),
(56, 'Kunming Changshui International Airport', 'Kunming', 'China', 'KMG', 'ZPPP', '25.1019444', '102.9291667', 8, '3000.00', '2020-01-01 12:33:45', '2020-01-01 12:33:45'),
(57, 'Xiamen Gaoqi International Airport', 'Xiamen', 'China', 'XMN', 'ZSAM', '24.54400063', '118.1279984', 8, '3000.00', '2020-01-01 12:33:45', '2020-01-01 12:33:45'),
(58, 'Nanchang Changbei International Airport', 'Nanchang', 'China', 'KHN', 'ZSCN', '28.86499977', '115.9000015', 8, '3000.00', '2020-01-01 12:33:45', '2020-01-01 12:33:45'),
(59, 'Fuzhou Changle International Airport', 'Fuzhou', 'China', 'FOC', 'ZSFZ', '25.93510056', '119.663002', 8, '3000.00', '2020-01-01 12:33:45', '2020-01-01 12:33:45'),
(60, 'Hangzhou Xiaoshan International Airport', 'Hangzhou', 'China', 'HGH', 'ZSHC', '30.22949982', '120.4339981', 8, '3000.00', '2020-01-01 12:33:45', '2020-01-01 12:33:45'),
(61, 'Ningbo Lishe International Airport', 'Ninbo', 'China', 'NGB', 'ZSNB', '29.82670021', '121.461998', 8, '3000.00', '2020-01-01 12:33:45', '2020-01-01 12:33:45'),
(62, 'Nanjing Lukou Airport', 'Nanjing', 'China', 'NKG', 'ZSNJ', '31.74200058', '118.8619995', 8, '3000.00', '2020-01-01 12:33:45', '2020-01-01 12:33:45'),
(63, 'Hefei Luogang International Airport', 'Hefei', 'China', 'HFE', 'ZSOF', '31.78000069', '117.2979965', 8, '3000.00', '2020-01-01 12:33:45', '2020-01-01 12:33:45'),
(64, 'Liuting Airport', 'Qingdao', 'China', 'TAO', 'ZSQD', '36.26610184', '120.3740005', 8, '3000.00', '2020-01-01 12:33:45', '2020-01-01 12:33:45'),
(65, 'Shanghai Hongqiao International Airport', 'Shanghai', 'China', 'SHA', 'ZSSS', '31.19790077', '121.3359985', 8, '3000.00', '2020-01-01 12:33:45', '2020-01-01 12:33:45'),
(66, 'Yantai Laishan Airport', 'Yantai', 'China', 'YNT', 'ZSYT', '37.40169907', '121.3720016', 8, '3000.00', '2020-01-01 12:33:45', '2020-01-01 12:33:45'),
(67, 'Chongqing Jiangbei International Airport', 'Chongqing', 'China', 'CKG', 'ZUCK', '29.71920013', '106.6419983', 8, '3000.00', '2020-01-01 12:33:45', '2020-01-01 12:33:45'),
(68, 'Longdongbao Airport', 'Guiyang', 'China', 'KWE', 'ZUGY', '26.53849983', '106.8010025', 8, '3000.00', '2020-01-01 12:33:45', '2020-01-01 12:33:45'),
(69, 'Chengdu Shuangliu International Airport', 'Chengdu', 'China', 'CTU', 'ZUUU', '30.57850075', '103.9469986', 8, '3000.00', '2020-01-01 12:33:45', '2020-01-01 12:33:45'),
(70, 'Xichang Qingshan Airport', 'Xichang', 'China', 'XIC', 'ZUXC', '27.9890995', '102.1839981', 8, '3000.00', '2020-01-01 12:33:45', '2020-01-01 12:33:45'),
(71, 'Kashgar Airport', 'Kashi', 'China', 'KHG', 'ZWSH', '39.54290009', '76.01999664', 8, '3000.00', '2020-01-01 12:33:45', '2020-01-01 12:33:45'),
(72, 'Hotan Airport', 'Hotan', 'China', 'HTN', 'ZWTN', '37.03850174', '79.86489868', 8, '3000.00', '2020-01-01 12:33:45', '2020-01-01 12:33:45'),
(73, 'Ürümqi Diwopu International Airport', 'Urumqi', 'China', 'URC', 'ZWWW', '43.90710068', '87.47419739', 8, '3000.00', '2020-01-01 12:33:45', '2020-01-01 12:33:45'),
(74, 'Taiping Airport', 'Harbin', 'China', 'HRB', 'ZYHB', '45.62340164', '126.25', 8, '3000.00', '2020-01-01 12:33:45', '2020-01-01 12:33:45'),
(75, 'Mudanjiang Hailang International Airport', 'Mudanjiang', 'China', 'MDG', 'ZYMD', '44.52410126', '129.5690002', 8, '3000.00', '2020-01-01 12:33:45', '2020-01-01 12:33:45'),
(76, 'Zhoushuizi Airport', 'Dalian', 'China', 'DLC', 'ZYTL', '38.96569824', '121.5390015', 8, '3000.00', '2020-01-01 12:33:45', '2020-01-01 12:33:45'),
(77, 'Shanghai Pudong International Airport', 'Shanghai', 'China', 'PVG', 'ZSPD', '31.14340019', '121.8050003', 8, '3000.00', '2020-01-01 12:33:45', '2020-01-01 12:33:45'),
(78, 'Sanya Phoenix International Airport', 'Sanya', 'China', 'SYX', 'ZJSY', '18.30290031', '109.4120026', 8, '3000.00', '2020-01-01 12:33:45', '2020-01-01 12:33:45'),
(79, 'Lijiang Airport', 'Lijiang', 'China', 'LJG', 'ZPLJ', '26.68000031', '100.2460022', 8, '3000.00', '2020-01-01 12:33:45', '2020-01-01 12:33:45'),
(80, 'Dali Airport', 'Dali', 'China', 'DLU', 'ZPDL', '25.649401', '100.319', 8, '3000.00', '2020-01-01 12:33:45', '2020-01-01 12:33:45'),
(81, 'Lhasa Gonggar Airport', 'Lhasa', 'China', 'LXA', 'ZULS', '29.29780006', '90.91190338', 8, '3000.00', '2020-01-01 12:33:45', '2020-01-01 12:33:45'),
(82, 'Yaoqiang Airport', 'Jinan', 'China', 'TNA', 'ZSJN', '36.85720062', '117.2160034', 8, '3000.00', '2020-01-01 12:33:45', '2020-01-01 12:33:45'),
(83, 'Changzhou Benniu Airport', 'Changzhou', 'China', 'CZX', 'ZSCG', '31.919701', '119.778999', 8, '3000.00', '2020-01-01 12:33:45', '2020-01-01 12:33:45'),
(84, 'Yibin Caiba Airport', 'Yibin', 'China', 'YBP', 'ZUYB', '28.80055556', '104.545', 8, '3000.00', '2020-01-01 12:33:45', '2020-01-01 12:33:45'),
(85, 'Haikou Meilan International Airport', 'Haikou', 'China', 'HAK', 'ZJHK', '19.93490028', '110.4589996', 8, '3000.00', '2020-01-01 12:33:45', '2020-01-01 12:33:45'),
(86, 'Taoxian Airport', 'Shenyang', 'China', 'SHE', 'ZYTX', '41.63980103', '123.4830017', 8, '3000.00', '2020-01-01 12:33:45', '2020-01-01 12:33:45'),
(87, 'Dongying Shengli Airport', 'Dongying', 'China', 'DOY', 'ZSDY', '37.50859833', '118.788002', 8, '3000.00', '2020-01-01 12:33:45', '2020-01-01 12:33:45'),
(88, 'Luoyang Airport', 'Luoyang', 'China', 'LYA', 'ZHLY', '34.74110031', '112.3880005', 8, '3000.00', '2020-01-01 12:33:45', '2020-01-01 12:33:45'),
(89, 'Xuzhou Guanyin Airport', 'Xuzhou', 'China', 'XUZ', 'ZSXZ', '34.059056', '117.555278', 8, '3000.00', '2020-01-01 12:33:45', '2020-01-01 12:33:45'),
(90, 'Jiuzhai Huanglong Airport', 'Jiuzhaigou', 'China', 'JZH', 'ZUJZ', '32.85333333', '103.6822222', 8, '3000.00', '2020-01-01 12:33:45', '2020-01-01 12:33:45'),
(91, 'Jieyang Chaoshan International Airport', 'Shantou', 'China', 'SWA', 'ZGOW', '23.552', '116.5033', 8, '3000.00', '2020-01-01 12:33:45', '2020-01-01 12:33:45'),
(92, 'Dunhuang Airport', 'Dunhuang', 'China', 'DNH', 'ZLDH', '40.16109848', '94.80919647', 8, '3000.00', '2020-01-01 12:33:45', '2020-01-01 12:33:45'),
(93, 'Longjia Airport', 'Changchun', 'China', 'CGQ', 'ZYCC', '43.99620056', '125.6849976', 8, '3000.00', '2020-01-01 12:33:45', '2020-01-01 12:33:45'),
(94, 'Beijing Nanyuan Airport', 'Beijing', 'China', 'NAY', 'ZBNY', '39.78279877', '116.3880005', 8, '3000.00', '2020-01-01 12:33:45', '2020-01-01 12:33:45'),
(95, 'Chifeng Airport', 'Chifeng', 'China', 'CIF', 'ZBCF', '42.23500061', '118.9079971', 8, '3000.00', '2020-01-01 12:33:45', '2020-01-01 12:33:45'),
(96, 'Changzhi Airport', 'Changzhi', 'China', 'CIH', 'ZBCZ', '36.247501', '113.125999', 8, '3000.00', '2020-01-01 12:33:45', '2020-01-01 12:33:45'),
(97, 'Datong Airport', 'Datong', 'China', 'DAT', 'ZBDT', '40.060299', '113.482002', 8, '3000.00', '2020-01-01 12:33:45', '2020-01-01 12:33:45'),
(98, 'Baita International Airport', 'Hohhot', 'China', 'HET', 'ZBHH', '40.851398', '111.823997', 8, '3000.00', '2020-01-01 12:33:45', '2020-01-01 12:33:45'),
(99, 'Baotou Airport', 'Baotou', 'China', 'BAV', 'ZBOW', '40.56000137', '109.9970016', 8, '3000.00', '2020-01-01 12:33:45', '2020-01-01 12:33:45'),
(100, 'Shijiazhuang Daguocun International Airport', 'Shijiazhuang', 'China', 'SJW', 'ZBSJ', '38.28070068', '114.6969986', 8, '3000.00', '2020-01-01 12:33:45', '2020-01-01 12:33:45'),
(101, 'Tongliao Airport', 'Tongliao', 'China', 'TGO', 'ZBTL', '43.556702', '122.199997', 8, '3000.00', '2020-01-01 12:33:45', '2020-01-01 12:33:45'),
(102, 'Ulanhot Airport', 'Ulanhot', 'China', 'HLH', 'ZBUL', '46.195333', '122.008333', 8, '3000.00', '2020-01-01 12:33:45', '2020-01-01 12:33:45'),
(103, 'Xilinhot Airport', 'Xilinhot', 'China', 'XIL', 'ZBXH', '43.91559982', '115.9639969', 8, '3000.00', '2020-01-01 12:33:45', '2020-01-01 12:33:45'),
(104, 'Beihai Airport', 'Beihai', 'China', 'BHY', 'ZGBH', '21.5394', '109.293999', 8, '3000.00', '2020-01-01 12:33:45', '2020-01-01 12:33:45'),
(105, 'Changde Airport', 'Changde', 'China', 'CGD', 'ZGCD', '28.91889954', '111.6399994', 8, '3000.00', '2020-01-01 12:33:45', '2020-01-01 12:33:45'),
(106, 'Dayong Airport', 'Dayong', 'China', 'DYG', 'ZGDY', '29.1028', '110.443001', 8, '3000.00', '2020-01-01 12:33:45', '2020-01-01 12:33:45'),
(107, 'Meixian Airport', 'Meixian', 'China', 'MXZ', 'ZGMX', '24.35000038', '116.1330032', 8, '3000.00', '2020-01-01 12:33:45', '2020-01-01 12:33:45'),
(108, 'Zhuhai Jinwan Airport', 'Zhuhai', 'China', 'ZUH', 'ZGSD', '22.006399', '113.375999', 8, '3000.00', '2020-01-01 12:33:45', '2020-01-01 12:33:45'),
(109, 'Liuzhou Bailian Airport', 'Liuzhou', 'China', 'LZH', 'ZGZH', '24.2075', '109.390999', 8, '3000.00', '2020-01-01 12:33:45', '2020-01-01 12:33:45'),
(110, 'Zhanjiang Airport', 'Zhanjiang', 'China', 'ZHA', 'ZGZJ', '21.214399', '110.358002', 8, '3000.00', '2020-01-01 12:33:45', '2020-01-01 12:33:45'),
(111, 'Enshi Airport', 'Enshi', 'China', 'ENH', 'ZHES', '30.32029915', '109.4850006', 8, '3000.00', '2020-01-01 12:33:45', '2020-01-01 12:33:45'),
(112, 'Nanyang Jiangying Airport', 'Nanyang', 'China', 'NNY', 'ZHNY', '32.980801', '112.614998', 8, '3000.00', '2020-01-01 12:33:45', '2020-01-01 12:33:45'),
(113, 'Xiangyang Liuji Airport', 'Xiangfan', 'China', 'XFN', 'ZHXF', '32.1506', '112.291', 8, '3000.00', '2020-01-01 12:33:45', '2020-01-01 12:33:45'),
(114, 'Yichang Sanxia Airport', 'Yichang', 'China', 'YIH', 'ZHYC', '30.55655', '111.479988', 8, '3000.00', '2020-01-01 12:33:45', '2020-01-01 12:33:45'),
(115, 'Ankang Wulipu Airport', 'Ankang', 'China', 'AKA', 'ZLAK', '32.708099', '108.931', 8, '3000.00', '2020-01-01 12:33:45', '2020-01-01 12:33:45'),
(116, 'Golmud Airport', 'Golmud', 'China', 'GOQ', 'ZLGM', '36.4006', '94.786102', 8, '3000.00', '2020-01-01 12:33:45', '2020-01-01 12:33:45'),
(117, 'Hanzhong Chenggu Airport', 'Hanzhong', 'China', 'HZG', 'ZLHZ', '33.134136', '107.206014', 8, '3000.00', '2020-01-01 12:33:45', '2020-01-01 12:33:45'),
(118, 'Qingyang Airport', 'Qingyang', 'China', 'IQN', 'ZLQY', '35.799702', '107.602997', 8, '3000.00', '2020-01-01 12:33:45', '2020-01-01 12:33:45'),
(119, 'Xining Caojiabu Airport', 'Xining', 'China', 'XNN', 'ZLXN', '36.5275', '102.042999', 8, '3000.00', '2020-01-01 12:33:45', '2020-01-01 12:33:45'),
(120, 'Yan\'an Ershilipu Airport', 'Yan\'an', 'China', 'ENY', 'ZLYA', '36.636902', '109.554001', 8, '3000.00', '2020-01-01 12:33:45', '2020-01-01 12:33:45'),
(121, 'Yulin Yuyang Airport', 'Yulin', 'China', 'UYN', 'ZLYL', '38.35971', '109.590927', 8, '3000.00', '2020-01-01 12:33:45', '2020-01-01 12:33:45'),
(122, 'Diqing Airport', 'Shangri-La', 'China', 'DIG', 'ZPDQ', '27.7936', '99.6772', 8, '3000.00', '2020-01-01 12:33:45', '2020-01-01 12:33:45'),
(123, 'Mangshi Airport', 'Luxi', 'China', 'LUM', 'ZPLX', '24.4011', '98.5317', 8, '3000.00', '2020-01-01 12:33:45', '2020-01-01 12:33:45'),
(124, 'Pu\'er Simao Airport', 'Simao', 'China', 'SYM', 'ZPSM', '22.793301', '100.959', 8, '3000.00', '2020-01-01 12:33:45', '2020-01-01 12:33:45'),
(125, 'Zhaotong Airport', 'Zhaotong', 'China', 'ZAT', 'ZPZT', '27.32559967', '103.7549973', 8, '3000.00', '2020-01-01 12:33:45', '2020-01-01 12:33:45'),
(126, 'Ganzhou Airport', 'Ganzhou', 'China', 'KOW', 'ZSGZ', '25.853333', '114.778889', 8, '3000.00', '2020-01-01 12:33:45', '2020-01-01 12:33:45'),
(127, 'Jingdezhen Airport', 'Jingdezhen', 'China', 'JDZ', 'ZSJD', '29.33860016', '117.1760025', 8, '3000.00', '2020-01-01 12:33:45', '2020-01-01 12:33:45'),
(128, 'Jiujiang Lushan Airport', 'Jiujiang', 'China', 'JIU', 'ZSJJ', '29.476944', '115.801111', 8, '3000.00', '2020-01-01 12:33:45', '2020-01-01 12:33:45'),
(129, 'Quzhou Airport', 'Quzhou', 'China', 'JUZ', 'ZSJU', '28.965799', '118.899002', 8, '3000.00', '2020-01-01 12:33:45', '2020-01-01 12:33:45'),
(130, 'Lianyungang Airport', 'Lianyungang', 'China', 'LYG', 'ZSLG', '34.571667', '118.873611', 8, '3000.00', '2020-01-01 12:33:45', '2020-01-01 12:33:45'),
(131, 'Huangyan Luqiao Airport', 'Huangyan', 'China', 'HYN', 'ZSLQ', '28.56220055', '121.4290009', 8, '3000.00', '2020-01-01 12:33:45', '2020-01-01 12:33:45'),
(132, 'Shubuling Airport', 'Linyi', 'China', 'LYI', 'ZSLY', '35.04610062', '118.4120026', 8, '3000.00', '2020-01-01 12:33:45', '2020-01-01 12:33:45'),
(133, 'Quanzhou Jinjiang International Airport', 'Quanzhou', 'China', 'JJN', 'ZSQZ', '24.7964', '118.589996', 8, '3000.00', '2020-01-01 12:33:45', '2020-01-01 12:33:45'),
(134, 'Tunxi International Airport', 'Huangshan', 'China', 'TXN', 'ZSTX', '29.73329926', '118.2559967', 8, '3000.00', '2020-01-01 12:33:45', '2020-01-01 12:33:45'),
(135, 'Weifang Airport', 'Weifang', 'China', 'WEF', 'ZSWF', '36.646702', '119.119003', 8, '3000.00', '2020-01-01 12:33:45', '2020-01-01 12:33:45'),
(136, 'Weihai Airport', 'Weihai', 'China', 'WEH', 'ZSWH', '37.18709946', '122.2289963', 8, '3000.00', '2020-01-01 12:33:45', '2020-01-01 12:33:45'),
(137, 'Sunan Shuofang International Airport', 'Wuxi', 'China', 'WUX', 'ZSWX', '31.49440002', '120.4290009', 8, '3000.00', '2020-01-01 12:33:45', '2020-01-01 12:33:45'),
(138, 'Nanping Wuyishan Airport', 'Wuyishan', 'China', 'WUS', 'ZSWY', '27.7019', '118.000999', 8, '3000.00', '2020-01-01 12:33:45', '2020-01-01 12:33:45'),
(139, 'Wenzhou Longwan International Airport', 'Wenzhou', 'China', 'WNZ', 'ZSWZ', '27.912201', '120.851997', 8, '3000.00', '2020-01-01 12:33:45', '2020-01-01 12:33:45'),
(140, 'Yancheng Airport', 'Yancheng', 'China', 'YNZ', 'ZSYN', '33.425833', '120.203056', 8, '3000.00', '2020-01-01 12:33:45', '2020-01-01 12:33:45'),
(141, 'Yiwu Airport', 'Yiwu', 'China', 'YIW', 'ZSYW', '29.34469986', '120.0319977', 8, '3000.00', '2020-01-01 12:33:45', '2020-01-01 12:33:45'),
(142, 'Zhoushan Airport', 'Zhoushan', 'China', 'HSN', 'ZSZS', '29.93420029', '122.3619995', 8, '3000.00', '2020-01-01 12:33:45', '2020-01-01 12:33:45'),
(143, 'Qamdo Bangda Airport', 'Bangda', 'China', 'BPX', 'ZUBD', '30.55360031', '97.10829926', 8, '3000.00', '2020-01-01 12:33:45', '2020-01-01 12:33:45'),
(144, 'Dachuan Airport', 'Dazhou', 'China', 'DAX', 'ZUDX', '31.1302', '107.4295', 8, '3000.00', '2020-01-01 12:33:45', '2020-01-01 12:33:45'),
(145, 'Guangyuan Airport', 'Guangyuan', 'China', 'GYS', 'ZUGU', '32.39110184', '105.7020035', 8, '3000.00', '2020-01-01 12:33:45', '2020-01-01 12:33:45'),
(146, 'Luzhou Airport', 'Luzhou', 'China', 'LZO', 'ZULZ', '28.85219955', '105.3929977', 8, '3000.00', '2020-01-01 12:33:45', '2020-01-01 12:33:45'),
(147, 'Mianyang Airport', 'Mianyang', 'China', 'MIG', 'ZUMY', '31.42810059', '104.7409973', 8, '3000.00', '2020-01-01 12:33:45', '2020-01-01 12:33:45'),
(148, 'Nanchong Airport', 'Nanchong', 'China', 'NAO', 'ZUNC', '30.79545', '106.1626', 8, '3000.00', '2020-01-01 12:33:45', '2020-01-01 12:33:45'),
(149, 'Nyingchi Airport', 'Nyingchi', 'China', 'LZY', 'ZUNZ', '29.30330086', '94.33529663', 8, '3000.00', '2020-01-01 12:33:45', '2020-01-01 12:33:45'),
(150, 'Wanxian Airport', 'Wanxian', 'China', 'WXN', 'ZUWX', '30.8017', '108.433', 8, '3000.00', '2020-01-01 12:33:45', '2020-01-01 12:33:45'),
(151, 'Aksu Airport', 'Aksu', 'China', 'AKU', 'ZWAK', '41.262501', '80.291702', 8, '3000.00', '2020-01-01 12:33:45', '2020-01-01 12:33:45'),
(152, 'Qiemo Yudu Airport', 'Qiemo', 'China', 'IQM', 'ZWCM', '38.233611', '85.465556', 8, '3000.00', '2020-01-01 12:33:45', '2020-01-01 12:33:45'),
(153, 'Kuqa Airport', 'Kuqa', 'China', 'KCA', 'ZWKC', '41.677856', '82.872917', 8, '3000.00', '2020-01-01 12:33:45', '2020-01-01 12:33:45'),
(154, 'Korla Airport', 'Korla', 'China', 'KRL', 'ZWKL', '41.69779968', '86.12889862', 8, '3000.00', '2020-01-01 12:33:45', '2020-01-01 12:33:45'),
(155, 'Karamay Airport', 'Karamay', 'China', 'KRY', 'ZWKM', '45.46655', '84.9527', 8, '3000.00', '2020-01-01 12:33:45', '2020-01-01 12:33:45'),
(156, 'Yining Airport', 'Yining', 'China', 'YIN', 'ZWYN', '43.955799', '81.330299', 8, '3000.00', '2020-01-01 12:33:45', '2020-01-01 12:33:45'),
(157, 'Heihe Airport', 'Heihe', 'China', 'HEK', 'ZYHE', '50.17162094', '127.3088837', 8, '3000.00', '2020-01-01 12:33:45', '2020-01-01 12:33:45'),
(158, 'Jiamusi Airport', 'Jiamusi', 'China', 'JMU', 'ZYJM', '46.84339905', '130.4649963', 8, '3000.00', '2020-01-01 12:33:45', '2020-01-01 12:33:45'),
(159, 'Jinzhou Airport', 'Jinzhou', 'China', 'JNZ', 'ZYJZ', '41.10139847', '121.0619965', 8, '3000.00', '2020-01-01 12:33:45', '2020-01-01 12:33:45'),
(160, 'Qiqihar Sanjiazi Airport', 'Qiqihar', 'China', 'NDG', 'ZYQQ', '47.23960114', '123.9179993', 8, '3000.00', '2020-01-01 12:33:45', '2020-01-01 12:33:45'),
(161, 'Yanji Chaoyangchuan Airport', 'Yanji', 'China', 'YNJ', 'ZYYJ', '42.88280106', '129.451004', 8, '3000.00', '2020-01-01 12:33:45', '2020-01-01 12:33:45'),
(162, 'Anqing Tianzhushan Airport', 'Anqing', 'China', 'AQG', 'ZSAQ', '30.582199', '117.050003', 8, '3000.00', '2020-01-01 12:33:45', '2020-01-01 12:33:45'),
(163, 'Shanhaiguan Airport', 'Qinhuangdao', 'China', 'SHP', 'ZBSH', '39.968102', '119.731003', 8, '3000.00', '2020-01-01 12:33:45', '2020-01-01 12:33:45'),
(164, 'Yuncheng Guangong Airport', 'Yuncheng', 'China', 'YCU', 'ZBYC', '35.116391', '111.0313889', 8, '3000.00', '2020-01-01 12:33:45', '2020-01-01 12:33:45'),
(165, 'Jiayuguan Airport', 'Jiayuguan', 'China', 'JGN', 'ZLJQ', '39.856899', '98.3414', 8, '3000.00', '2020-01-01 12:33:45', '2020-01-01 12:33:45'),
(166, 'Dandong Airport', 'Dandong', 'China', 'DDG', 'ZYDD', '40.0247', '124.286003', 8, '3000.00', '2020-01-01 12:33:45', '2020-01-01 12:33:45'),
(167, 'Ordos Ejin Horo Airport', 'Dongsheng', 'China', 'DSN', 'ZBDS', '39.49', '109.8613889', 8, '3000.00', '2020-01-01 12:33:45', '2020-01-01 12:33:45'),
(168, 'Bao\'anying Airport', 'Panzhihua', 'China', 'PZI', 'ZUZH', '26.54', '101.79852', 8, '3000.00', '2020-01-01 12:33:45', '2020-01-01 12:33:45'),
(169, 'Hami Airport', 'Hami', 'China', 'HMI', 'ZWHM', '42.8414', '93.669197', 8, '3000.00', '2020-01-01 12:33:45', '2020-01-01 12:33:45'),
(170, 'Wuzhou Changzhoudao Airport', 'Wuzhou', 'China', 'WUZ', 'ZGWZ', '23.456699', '111.248001', 8, '3000.00', '2020-01-01 12:33:45', '2020-01-01 12:33:45'),
(171, 'Tacheng Airport', 'Tacheng', 'China', 'TCG', 'ZWTC', '46.67250061', '83.34079742', 8, '3000.00', '2020-01-01 12:33:45', '2020-01-01 12:33:45'),
(172, 'Chaoyang Airport', 'Chaoyang', 'China', 'CHG', 'ZYCY', '41.538101', '120.434998', 8, '3000.00', '2020-01-01 12:33:45', '2020-01-01 12:33:45'),
(173, 'Gu-Lian Airport', 'Mohe County', 'China', 'OHE', 'ZYMH', '52.91277778', '122.43', 8, '3000.00', '2020-01-01 12:33:45', '2020-01-01 12:33:45'),
(174, 'Jining Qufu Airport', 'Jining', 'China', 'JNG', 'ZLJN', '35.292778', '116.346667', 8, '3000.00', '2020-01-01 12:33:45', '2020-01-01 12:33:45'),
(175, 'Altay Air Base', 'Altay', 'China', 'AAT', 'ZWAT', '47.74988556', '88.0858078', 8, '3000.00', '2020-01-01 12:33:45', '2020-01-01 12:33:45'),
(176, 'Manzhouli Xijiao Airport', 'Manzhouli', 'China', 'NZH', 'ZBMZ', '49.566667', '117.33', 8, '3000.00', '2020-01-01 12:33:45', '2020-01-01 12:33:45'),
(177, 'Wuhai Airport', 'Wuhai', 'China', 'WUA', 'ZBUH', '39.7934', '106.7993', 8, '3000.00', '2020-01-01 12:33:45', '2020-01-01 12:33:45'),
(178, 'Tongren Fenghuang Airport', 'Tongren', 'China', 'TEN', 'ZUTR', '27.883333', '109.308889', 8, '3000.00', '2020-01-01 12:33:45', '2020-01-01 12:33:45'),
(179, 'Jinggangshan Airport', 'Jian', 'China', 'JGS', 'ZSJA', '26.85689926', '114.7369995', 8, '3000.00', '2020-01-01 12:33:45', '2020-01-01 12:33:45'),
(180, 'Xi\'an Xiguan Airport', 'Xi\\\'AN', 'China', 'SIA', 'ZLSN', '34.376701', '109.120003', 8, '3000.00', '2020-01-01 12:33:45', '2020-01-01 12:33:45'),
(181, 'Foshan Shadi Airport', 'Foshan', 'China', 'FUO', 'ZGFS', '23.08329964', '113.0699997', 8, '3000.00', '2020-01-01 12:33:45', '2020-01-01 12:33:45'),
(182, 'Huizhou Airport', 'Huizhou', 'China', 'HUZ', 'ZGHZ', '23.04999924', '114.5999985', 8, '3000.00', '2020-01-01 12:33:45', '2020-01-01 12:33:45'),
(183, 'Fuyang Xiguan Airport', 'Fuyang', 'China', 'FUG', 'ZSFY', '32.882157', '115.734364', 8, '3000.00', '2020-01-01 12:33:45', '2020-01-01 12:33:45'),
(184, 'Longyan Guanzhishan Airport', 'Longyan', 'China', 'LCX', 'ZSLD', '25.67469978', '116.7470016', 8, '3000.00', '2020-01-01 12:33:45', '2020-01-01 12:33:45'),
(185, 'Baoshan Yunduan Airport', 'Baoshan', 'China', 'BSD', 'ZPBS', '25.053301', '99.168297', 8, '3000.00', '2020-01-01 12:33:45', '2020-01-01 12:33:45'),
(186, 'Xingyi Airport', 'Xingyi', 'China', 'ACX', 'ZUYI', '25.08638889', '104.9594444', 8, '3000.00', '2020-01-01 12:33:45', '2020-01-01 12:33:45'),
(187, 'Liping Airport', 'Liping', 'China', 'HZH', 'ZUNP', '26.32217', '109.1499', 8, '3000.00', '2020-01-01 12:33:45', '2020-01-01 12:33:45'),
(188, 'Zhijiang Airport', 'Zhijiang', 'China', 'HJJ', 'ZGCJ', '27.44111111', '109.7', 8, '3000.00', '2020-01-01 12:33:45', '2020-01-01 12:33:45'),
(189, 'Lintsang Airfield', 'Lincang', 'China', 'LNJ', 'ZPLC', '23.73810005', '100.0250015', 8, '3000.00', '2020-01-01 12:33:45', '2020-01-01 12:33:45'),
(190, 'Tengchong Tuofeng Airport', 'Tengchong', 'China', 'TCZ', 'ZUTC', '24.93805556', '98.48583333', 8, '3000.00', '2020-01-01 12:33:45', '2020-01-01 12:33:45'),
(191, 'Yushu Batang Airport', 'Yushu', 'China', 'YUS', 'ZYLS', '32.83638889', '97.03638889', 8, '3000.00', '2020-01-01 12:33:45', '2020-01-01 12:33:45'),
(192, 'Lianshui Airport', 'Huai An', 'China', 'HIA', 'ZSSH', '33.79083333', '119.125', 8, '3000.00', '2020-01-01 12:33:45', '2020-01-01 12:33:45'),
(193, 'Ngari Gunsa Airport', 'Shiquanhe', 'China', 'NGQ', 'ZUAL', '32.1', '80.05305556', 8, '3000.00', '2020-01-01 12:33:45', '2020-01-01 12:33:45'),
(194, 'Zhongwei Shapotou Airport', 'Zhongwei', 'China', 'ZHY', 'ZLZW', '37.573125', '105.154454', 8, '3000.00', '2020-01-01 12:33:45', '2020-01-01 12:33:45'),
(195, 'Baise Youjiang Airport', 'Baise', 'China', 'AEB', 'ZGBS', '23.72060013', '106.9599991', 8, '3000.00', '2020-01-01 12:33:45', '2020-01-01 12:33:45'),
(196, 'Kanas Airport', 'Burqin', 'China', 'KJI', 'ZWKN', '48.2223', '86.9959', 8, '3000.00', '2020-01-01 12:33:45', '2020-01-01 12:33:45'),
(197, 'Handan Airport', 'Handan', 'China', 'HDG', 'ZBHD', '36.52583333', '114.4255556', 8, '3000.00', '2020-01-01 12:33:45', '2020-01-01 12:33:45'),
(198, 'Jixi Xingkaihu Airport', 'Jixi', 'China', 'JXA', 'ZYJX', '45.293', '131.193', 8, '3000.00', '2020-01-01 12:33:45', '2020-01-01 12:33:45'),
(199, 'Shigatse Air Base', 'Shigatse', 'China', 'RKZ', 'ZURK', '29.3519', '89.311401', 8, '3000.00', '2020-01-01 12:33:45', '2020-01-01 12:33:45'),
(200, 'Bayannur Tianjitai Airport', 'Bayannur', 'China', 'RLK', 'ZBYZ', '40.926', '107.7428', 8, '3000.00', '2020-01-01 12:33:45', '2020-01-01 12:33:45'),
(201, 'Qianjiang Wulingshan Airport', 'Qianjiang', 'China', 'JIQ', 'ZUQJ', '29.51333333', '108.8311111', 8, '3000.00', '2020-01-01 12:33:45', '2020-01-01 12:33:45'),
(202, 'Changbaishan Airport', 'Baishan', 'China', 'NBS', 'ZYBS', '42.066944', '127.602222', 8, '3000.00', '2020-01-01 12:33:45', '2020-01-01 12:33:45'),
(203, 'Lingling Airport', 'Yongzhou', 'China', 'LLF', 'ZGLG', '26.338661', '111.610043', 8, '3000.00', '2020-01-01 12:33:45', '2020-01-01 12:33:45'),
(204, 'Yangzhou Taizhou Airport', 'Yangzhou', 'China', 'YTY', 'ZSYA', '32.5634', '119.7198', 8, '3000.00', '2020-01-01 12:33:45', '2020-01-01 12:33:45'),
(205, 'Tianshui Maijishan Airport', 'Tianshui', 'China', 'THQ', 'ZLTS', '34.55939865', '105.8600006', 8, '3000.00', '2020-01-01 12:33:45', '2020-01-01 12:33:45'),
(206, 'Kangding Airport', 'Kangding', 'China', 'KGT', 'ZUKD', '30.1575', '101.734722', 8, '3000.00', '2020-01-01 12:33:45', '2020-01-01 12:33:45'),
(207, 'Turpan Jiaohe Airport', 'Turpan', 'China', 'TLQ', 'ZWTP', '43.0308', '89.0987', 8, '3000.00', '2020-01-01 12:33:45', '2020-01-01 12:33:45'),
(208, 'Guyuan Liupanshan Airport', 'Guyuan', 'China', 'GYU', 'ZLGY', '36.07888889', '106.2169444', 8, '3000.00', '2020-01-01 12:33:45', '2020-01-01 12:33:45'),
(209, 'Changhai Airport', 'Changhai', 'China', 'CNI', 'ZYCH', '39.26666667', '122.6669444', 8, '3000.00', '2020-01-01 12:33:45', '2020-01-01 12:33:45'),
(210, 'Jiagedaqi Airport', 'Jiagedaqi District', 'China', 'JGD', 'ZYJD', '50.371389', '124.1175', 8, '3000.00', '2020-01-01 12:33:45', '2020-01-01 12:33:45'),
(211, 'Bijie Feixiong Airport', 'Bijie', 'China', 'BFJ', 'ZUBJ', '27.267066', '105.472097', 8, '3000.00', '2020-01-01 12:33:45', '2020-01-01 12:33:45'),
(212, 'Yichun Mingyueshan Airport', 'Yichun', 'China', 'YIC', 'ZSYC', '27.8025', '114.3062', 8, '3000.00', '2020-01-01 12:33:45', '2020-01-01 12:33:45'),
(213, 'Lüliang Airport', 'Lvliang', 'China', 'LLV', 'ZBLL', '37.683333', '111.142778', 8, '3000.00', '2020-01-01 12:33:45', '2020-01-01 12:33:45'),
(214, 'Daocheng Yading Airport', 'Daocheng', 'China', 'DCY', 'ZUDC', '29.323056', '100.053333', 8, '3000.00', '2020-01-01 12:33:45', '2020-01-01 12:33:45'),
(215, 'Gannan Xiahe Airport', 'Xiahe city', 'China', 'GXH', 'ZLXH', '34.8105', '102.6447', 8, '3000.00', '2020-01-01 12:33:45', '2020-01-01 12:33:45'),
(216, 'Xinyuan Nalati Airport', 'Xinyuan', 'China', 'NLT', 'ZWNL', '43.4318', '83.3786', 8, '3000.00', '2020-01-01 12:33:45', '2020-01-01 12:33:45'),
(217, 'Zhangye Ganzhou Airport', 'Zhangye', 'China', 'YZY', 'ZLZY', '38.80189896', '100.6750031', 8, '3000.00', '2020-01-01 12:33:45', '2020-01-01 12:33:45'),
(218, 'Jiuhuashan Airport', 'Chizhou', 'China', 'JUH', 'ZSJH', '30.7403', '117.6856', 8, '3000.00', '2020-01-01 12:33:45', '2020-01-01 12:33:45'),
(219, 'Anshan Air Base', 'Anshan', 'China', 'AOG', 'ZYAS', '41.105301', '122.853996', 8, '3000.00', '2020-01-01 12:33:45', '2020-01-01 12:33:45'),
(220, 'Saertu Airport', 'Daqing', 'China', 'DQA', 'ZYDQ', '46.74638889', '125.1405556', 8, '3000.00', '2020-01-01 12:33:45', '2020-01-01 12:33:45'),
(221, 'Zunyi Xinzhou Airport', 'Zunyi', 'China', 'ZYI', 'ZUZY', '27.5895', '107.0007', 8, '3000.00', '2020-01-01 12:33:45', '2020-01-01 12:33:45'),
(222, 'Lindu Airport', 'Yinchun', 'China', 'LDS', 'ZYLD', '47.75205556', '129.019125', 8, '3000.00', '2020-01-01 12:33:45', '2020-01-01 12:33:45'),
(223, 'Anshun Huangguoshu Airport', 'Anshun', 'China', 'AVA', 'ZUAS', '26.26055556', '105.8733333', 8, '3000.00', '2020-01-01 12:33:45', '2020-01-01 12:33:45'),
(224, 'Tonghua Sanyuanpu Airport', 'Tonghua', 'China', 'TNH', 'ZYTN', '42.25388889', '125.7033333', 8, '3000.00', '2020-01-01 12:33:45', '2020-01-01 12:33:45'),
(225, 'Suzhou Guangfu Airport', 'Suzhou', 'China', 'SZV', 'ZSSZ', '31.2631', '120.401001', 8, '3000.00', '2020-01-01 12:33:45', '2020-01-01 12:33:45'),
(226, 'Hong Kong International Airport', 'Hong Kong', 'Hong Kong', 'HKG', 'VHHH', '22.308901', '113.915001', 8, '2500.00', '2020-01-01 12:33:45', '2020-01-01 12:33:45'),
(227, 'Shun Tak Heliport', 'Hong Kong', 'Hong Kong', 'HHP', 'VHST', '22.28937149', '114.152153', 8, '2500.00', '2020-01-01 12:33:45', '2020-01-01 12:33:45'),
(228, 'Hateruma Airport', 'Taketomi', 'Japan', 'HTR', 'RORH', '24.05890083', '123.8059998', 9, '2700.00', '2020-01-01 12:33:45', '2020-01-01 12:33:45'),
(229, 'Narita International Airport', 'Tokyo', 'Japan', 'NRT', 'RJAA', '35.76470184', '140.3860016', 9, '2700.00', '2020-01-01 12:33:45', '2020-01-01 12:33:45'),
(230, 'Matsumoto Airport', 'Matsumoto', 'Japan', 'MMJ', 'RJAF', '36.16680145', '137.9230042', 9, '2700.00', '2020-01-01 12:33:45', '2020-01-01 12:33:45'),
(231, 'Hyakuri Airport', 'Ibaraki', 'Japan', 'IBR', 'RJAH', '36.18109894', '140.4149933', 9, '2700.00', '2020-01-01 12:33:45', '2020-01-01 12:33:45'),
(232, 'Minami Torishima Airport', 'Minami Tori Shima', 'Japan', 'MUS', 'RJAM', '24.28969955', '153.9790039', 9, '2700.00', '2020-01-01 12:33:45', '2020-01-01 12:33:45'),
(233, 'Iwo Jima Airport', 'Iwojima', 'Japan', 'IWO', 'RJAW', '24.7840004', '141.322998', 9, '2700.00', '2020-01-01 12:33:45', '2020-01-01 12:33:45'),
(234, 'Nanki Shirahama Airport', 'Nanki-shirahama', 'Japan', 'SHM', 'RJBD', '33.66220093', '135.3639984', 9, '2700.00', '2020-01-01 12:33:45', '2020-01-01 12:33:45'),
(235, 'Tokachi-Obihiro Airport', 'Obihiro', 'Japan', 'OBO', 'RJCB', '42.73329926', '143.2169952', 9, '2700.00', '2020-01-01 12:33:45', '2020-01-01 12:33:45'),
(236, 'New Chitose Airport', 'Sapporo', 'Japan', 'CTS', 'RJCC', '42.77519989', '141.6920013', 9, '2700.00', '2020-01-01 12:33:45', '2020-01-01 12:33:45'),
(237, 'Hakodate Airport', 'Hakodate', 'Japan', 'HKD', 'RJCH', '41.77000046', '140.8220062', 9, '2700.00', '2020-01-01 12:33:45', '2020-01-01 12:33:45'),
(238, 'Memanbetsu Airport', 'Memanbetsu', 'Japan', 'MMB', 'RJCM', '43.88059998', '144.1640015', 9, '2700.00', '2020-01-01 12:33:45', '2020-01-01 12:33:45'),
(239, 'Nakashibetsu Airport', 'Nakashibetsu', 'Japan', 'SHB', 'RJCN', '43.57749939', '144.9600067', 9, '2700.00', '2020-01-01 12:33:45', '2020-01-01 12:33:45'),
(240, 'Wakkanai Airport', 'Wakkanai', 'Japan', 'WKJ', 'RJCW', '45.40420151', '141.8009949', 9, '2700.00', '2020-01-01 12:33:45', '2020-01-01 12:33:45'),
(241, 'Iki Airport', 'Iki', 'Japan', 'IKI', 'RJDB', '33.74900055', '129.7850037', 9, '2700.00', '2020-01-01 12:33:45', '2020-01-01 12:33:45'),
(242, 'Yamaguchi Ube Airport', 'Yamaguchi', 'Japan', 'UBJ', 'RJDC', '33.93000031', '131.279007', 9, '2700.00', '2020-01-01 12:33:45', '2020-01-01 12:33:45'),
(243, 'Tsushima Airport', 'Tsushima', 'Japan', 'TSJ', 'RJDT', '34.28490067', '129.3309937', 9, '2700.00', '2020-01-01 12:33:45', '2020-01-01 12:33:45'),
(244, 'Monbetsu Airport', 'Monbetsu', 'Japan', 'MBE', 'RJEB', '44.30390167', '143.404007', 9, '2700.00', '2020-01-01 12:33:45', '2020-01-01 12:33:45'),
(245, 'Asahikawa Airport', 'Asahikawa', 'Japan', 'AKJ', 'RJEC', '43.67079926', '142.4470062', 9, '2700.00', '2020-01-01 12:33:45', '2020-01-01 12:33:45'),
(246, 'Okushiri Airport', 'Okushiri', 'Japan', 'OIR', 'RJEO', '42.07170105', '139.4329987', 9, '2700.00', '2020-01-01 12:33:45', '2020-01-01 12:33:45'),
(247, 'Rishiri Airport', 'Rishiri Island', 'Japan', 'RIS', 'RJER', '45.24200058', '141.1860046', 9, '2700.00', '2020-01-01 12:33:45', '2020-01-01 12:33:45'),
(248, 'Yakushima Airport', 'Yakushima', 'Japan', 'KUM', 'RJFC', '30.38559914', '130.6589966', 9, '2700.00', '2020-01-01 12:33:45', '2020-01-01 12:33:45'),
(249, 'Fukue Airport', 'Fukue', 'Japan', 'FUJ', 'RJFE', '32.66630173', '128.8329926', 9, '2700.00', '2020-01-01 12:33:45', '2020-01-01 12:33:45'),
(250, 'Fukuoka Airport', 'Fukuoka', 'Japan', 'FUK', 'RJFF', '33.58589935', '130.451004', 9, '2700.00', '2020-01-01 12:33:45', '2020-01-01 12:33:45'),
(251, 'New Tanegashima Airport', 'Tanegashima', 'Japan', 'TNE', 'RJFG', '30.60510063', '130.9909973', 9, '2700.00', '2020-01-01 12:33:45', '2020-01-01 12:33:45'),
(252, 'Kagoshima Airport', 'Kagoshima', 'Japan', 'KOJ', 'RJFK', '31.80340004', '130.7189941', 9, '2700.00', '2020-01-01 12:33:45', '2020-01-01 12:33:45'),
(253, 'Miyazaki Airport', 'Miyazaki', 'Japan', 'KMI', 'RJFM', '31.87719917', '131.4490051', 9, '2700.00', '2020-01-01 12:33:45', '2020-01-01 12:33:45'),
(254, 'Oita Airport', 'Oita', 'Japan', 'OIT', 'RJFO', '33.47940063', '131.7369995', 9, '2700.00', '2020-01-01 12:33:45', '2020-01-01 12:33:45'),
(255, 'Kitakyūshū Airport', 'Kitakyushu', 'Japan', 'KKJ', 'RJFR', '33.84590149', '131.0350037', 9, '2700.00', '2020-01-01 12:33:45', '2020-01-01 12:33:45'),
(256, 'Kumamoto Airport', 'Kumamoto', 'Japan', 'KMJ', 'RJFT', '32.83729935', '130.8549957', 9, '2700.00', '2020-01-01 12:33:45', '2020-01-01 12:33:45'),
(257, 'Nagasaki Airport', 'Nagasaki', 'Japan', 'NGS', 'RJFU', '32.91690063', '129.9140015', 9, '2700.00', '2020-01-01 12:33:45', '2020-01-01 12:33:45'),
(258, 'Amami Airport', 'Amami', 'Japan', 'ASJ', 'RJKA', '28.43059921', '129.7129974', 9, '2700.00', '2020-01-01 12:33:45', '2020-01-01 12:33:45'),
(259, 'Okierabu Airport', 'Okierabu', 'Japan', 'OKE', 'RJKB', '27.42550087', '128.701004', 9, '2700.00', '2020-01-01 12:33:45', '2020-01-01 12:33:45'),
(260, 'Tokunoshima Airport', 'Tokunoshima', 'Japan', 'TKN', 'RJKN', '27.83639908', '128.8809967', 9, '2700.00', '2020-01-01 12:33:45', '2020-01-01 12:33:45'),
(261, 'Fukui Airport', 'Fukui', 'Japan', 'FKJ', 'RJNF', '36.14279938', '136.223999', 9, '2700.00', '2020-01-01 12:33:45', '2020-01-01 12:33:45'),
(262, 'Gifu Airport', 'Gifu', 'Japan', 'QGU', 'RJNG', '35.39410019', '136.8699951', 9, '2700.00', '2020-01-01 12:33:45', '2020-01-01 12:33:45'),
(263, 'Komatsu Airport', 'Kanazawa', 'Japan', 'KMQ', 'RJNK', '36.39459991', '136.4069977', 9, '2700.00', '2020-01-01 12:33:45', '2020-01-01 12:33:45'),
(264, 'Oki Airport', 'Oki Island', 'Japan', 'OKI', 'RJNO', '36.18109894', '133.3249969', 9, '2700.00', '2020-01-01 12:33:45', '2020-01-01 12:33:45'),
(265, 'Toyama Airport', 'Toyama', 'Japan', 'TOY', 'RJNT', '36.64830017', '137.1880035', 9, '2700.00', '2020-01-01 12:33:45', '2020-01-01 12:33:45'),
(266, 'Hiroshima Airport', 'Hiroshima', 'Japan', 'HIJ', 'RJOA', '34.43610001', '132.9190063', 9, '2700.00', '2020-01-01 12:33:45', '2020-01-01 12:33:45'),
(267, 'Okayama Airport', 'Okayama', 'Japan', 'OKJ', 'RJOB', '34.75690079', '133.8549957', 9, '2700.00', '2020-01-01 12:33:45', '2020-01-01 12:33:45'),
(268, 'Izumo Airport', 'Izumo', 'Japan', 'IZO', 'RJOC', '35.41360092', '132.8899994', 9, '2700.00', '2020-01-01 12:33:45', '2020-01-01 12:33:45'),
(269, 'Miho Yonago Airport', 'Miho', 'Japan', 'YGJ', 'RJOH', '35.49219894', '133.2359924', 9, '2700.00', '2020-01-01 12:33:45', '2020-01-01 12:33:45'),
(270, 'Kōchi Ryōma Airport', 'Kochi', 'Japan', 'KCZ', 'RJOK', '33.546101', '133.669006', 9, '2700.00', '2020-01-01 12:33:45', '2020-01-01 12:33:45'),
(271, 'Matsuyama Airport', 'Matsuyama', 'Japan', 'MYJ', 'RJOM', '33.82720184', '132.6999969', 9, '2700.00', '2020-01-01 12:33:45', '2020-01-01 12:33:45'),
(272, 'Osaka International Airport', 'Osaka', 'Japan', 'ITM', 'RJOO', '34.78549957', '135.4380035', 9, '2700.00', '2020-01-01 12:33:45', '2020-01-01 12:33:45'),
(273, 'Tottori Airport', 'Tottori', 'Japan', 'TTJ', 'RJOR', '35.53010178', '134.1670074', 9, '2700.00', '2020-01-01 12:33:45', '2020-01-01 12:33:45'),
(274, 'Tokushima Airport/JMSDF Air Base', 'Tokushima', 'Japan', 'TKS', 'RJOS', '34.132801', '134.606995', 9, '2700.00', '2020-01-01 12:33:45', '2020-01-01 12:33:45'),
(275, 'Takamatsu Airport', 'Takamatsu', 'Japan', 'TAK', 'RJOT', '34.21419907', '134.0160065', 9, '2700.00', '2020-01-01 12:33:45', '2020-01-01 12:33:45'),
(276, 'Aomori Airport', 'Aomori', 'Japan', 'AOJ', 'RJSA', '40.73469925', '140.6909943', 9, '2700.00', '2020-01-01 12:33:45', '2020-01-01 12:33:45'),
(277, 'Yamagata Airport', 'Yamagata', 'Japan', 'GAJ', 'RJSC', '38.41189957', '140.3710022', 9, '2700.00', '2020-01-01 12:33:45', '2020-01-01 12:33:45'),
(278, 'Sado Airport', 'Sado', 'Japan', 'SDS', 'RJSD', '38.06019974', '138.4140015', 9, '2700.00', '2020-01-01 12:33:45', '2020-01-01 12:33:45'),
(279, 'Hachinohe Airport', 'Hachinoe', 'Japan', 'HHE', 'RJSH', '40.5564003', '141.4660034', 9, '2700.00', '2020-01-01 12:33:45', '2020-01-01 12:33:45'),
(280, 'Hanamaki Airport', 'Hanamaki', 'Japan', 'HNA', 'RJSI', '39.42860031', '141.1349945', 9, '2700.00', '2020-01-01 12:33:45', '2020-01-01 12:33:45'),
(281, 'Akita Airport', 'Akita', 'Japan', 'AXT', 'RJSK', '39.61560059', '140.2189941', 9, '2700.00', '2020-01-01 12:33:45', '2020-01-01 12:33:45'),
(282, 'Misawa Air Base', 'Misawa', 'Japan', 'MSJ', 'RJSM', '40.70320129', '141.3679962', 9, '2700.00', '2020-01-01 12:33:45', '2020-01-01 12:33:45'),
(283, 'Sendai Airport', 'Sendai', 'Japan', 'SDJ', 'RJSS', '38.13970184', '140.9170074', 9, '2700.00', '2020-01-01 12:33:45', '2020-01-01 12:33:45'),
(284, 'Atsugi Naval Air Facility', 'Atsugi', 'Japan', 'NJA', 'RJTA', '35.45460129', '139.4499969', 9, '2700.00', '2020-01-01 12:33:45', '2020-01-01 12:33:45'),
(285, 'Hachijojima Airport', 'Hachijojima', 'Japan', 'HAC', 'RJTH', '33.11500168', '139.7859955', 9, '2700.00', '2020-01-01 12:33:45', '2020-01-01 12:33:45'),
(286, 'Oshima Airport', 'Oshima', 'Japan', 'OIM', 'RJTO', '34.7820015', '139.3600006', 9, '2700.00', '2020-01-01 12:33:45', '2020-01-01 12:33:45'),
(287, 'Tokyo Haneda International Airport', 'Tokyo', 'Japan', 'HND', 'RJTT', '35.552299', '139.779999', 9, '2700.00', '2020-01-01 12:33:45', '2020-01-01 12:33:45'),
(288, 'Yokota Air Base', 'Yokota', 'Japan', 'OKO', 'RJTY', '35.74850082', '139.3480072', 9, '2700.00', '2020-01-01 12:33:45', '2020-01-01 12:33:45'),
(289, 'Naha Airport', 'Okinawa', 'Japan', 'OKA', 'ROAH', '26.19580078', '127.6460037', 9, '2700.00', '2020-01-01 12:33:45', '2020-01-01 12:33:45'),
(290, 'Kadena Air Base', 'Kadena', 'Japan', 'DNA', 'RODN', '26.3556', '127.767998', 9, '2700.00', '2020-01-01 12:33:45', '2020-01-01 12:33:45'),
(291, 'New Ishigaki Airport', 'Ishigaki', 'Japan', 'ISG', 'ROIG', '24.396389', '124.245', 9, '2700.00', '2020-01-01 12:33:45', '2020-01-01 12:33:45'),
(292, 'Kumejima Airport', 'Kumejima', 'Japan', 'UEO', 'ROKJ', '26.3635006', '126.7139969', 9, '2700.00', '2020-01-01 12:33:45', '2020-01-01 12:33:45'),
(293, 'Minami-Daito Airport', 'Minami Daito', 'Japan', 'MMD', 'ROMD', '25.8465004', '131.2630005', 9, '2700.00', '2020-01-01 12:33:45', '2020-01-01 12:33:45'),
(294, 'Miyako Airport', 'Miyako', 'Japan', 'MMY', 'ROMY', '24.78280067', '125.2949982', 9, '2700.00', '2020-01-01 12:33:45', '2020-01-01 12:33:45'),
(295, 'Kitadaito Airport', 'Kitadaito', 'Japan', 'KTD', 'RORK', '25.94470024', '131.3269959', 9, '2700.00', '2020-01-01 12:33:45', '2020-01-01 12:33:45'),
(296, 'Shimojishima Airport', 'Shimojishima', 'Japan', 'SHI', 'RORS', '24.82670021', '125.1449966', 9, '2700.00', '2020-01-01 12:33:45', '2020-01-01 12:33:45'),
(297, 'Tarama Airport', 'Tarama', 'Japan', 'TRA', 'RORT', '24.65390015', '124.6750031', 9, '2700.00', '2020-01-01 12:33:45', '2020-01-01 12:33:45'),
(298, 'Yoron Airport', 'Yoron', 'Japan', 'RNJ', 'RORY', '27.04400063', '128.4019928', 9, '2700.00', '2020-01-01 12:33:45', '2020-01-01 12:33:45'),
(299, 'Yonaguni Airport', 'Yonaguni Jima', 'Japan', 'OGN', 'ROYN', '24.46689987', '122.9779968', 9, '2700.00', '2020-01-01 12:33:45', '2020-01-01 12:33:45'),
(300, 'Noto Airport', 'Wajima', 'Japan', 'NTQ', 'RJNW', '37.29309845', '136.9620056', 9, '2700.00', '2020-01-01 12:33:45', '2020-01-01 12:33:45'),
(301, 'Chubu Centrair International Airport', 'Nagoya', 'Japan', 'NGO', 'RJGG', '34.85839844', '136.8049927', 9, '2700.00', '2020-01-01 12:33:45', '2020-01-01 12:33:45'),
(302, 'Kobe Airport', 'Kobe', 'Japan', 'UKB', 'RJBE', '34.63280106', '135.223999', 9, '2700.00', '2020-01-01 12:33:45', '2020-01-01 12:33:45'),
(303, 'Kansai International Airport', 'Osaka', 'Japan', 'KIX', 'RJBB', '34.4272995', '135.2440033', 9, '2700.00', '2020-01-01 12:33:45', '2020-01-01 12:33:45'),
(304, 'Niigata Airport', 'Niigata', 'Japan', 'KIJ', 'RJSN', '37.95589828', '139.1210022', 9, '2700.00', '2020-01-01 12:33:45', '2020-01-01 12:33:45'),
(305, 'Kushiro Airport', 'Kushiro', 'Japan', 'KUH', 'RJCK', '43.04100037', '144.1929932', 9, '2700.00', '2020-01-01 12:33:45', '2020-01-01 12:33:45'),
(306, 'Okadama Airport', 'Sapporo', 'Japan', 'OKD', 'RJCO', '43.117447', '141.38134', 9, '2700.00', '2020-01-01 12:33:45', '2020-01-01 12:33:45'),
(307, 'Saga Airport', 'Saga', 'Japan', 'HSG', 'RJFS', '33.14970016', '130.302002', 9, '2700.00', '2020-01-01 12:33:45', '2020-01-01 12:33:45'),
(308, 'Nagoya Airport', 'Nagoya', 'Japan', 'NKM', 'RJNA', '35.25500107', '136.923996', 9, '2700.00', '2020-01-01 12:33:45', '2020-01-01 12:33:45'),
(309, 'Iwami Airport', 'Iwami', 'Japan', 'IWJ', 'RJOW', '34.67639923', '131.7899933', 9, '2700.00', '2020-01-01 12:33:45', '2020-01-01 12:33:45'),
(310, 'Fukushima Airport', 'Fukushima', 'Japan', 'FKS', 'RJSF', '37.22740173', '140.4309998', 9, '2700.00', '2020-01-01 12:33:45', '2020-01-01 12:33:45'),
(311, 'Odate Noshiro Airport', 'Odate Noshiro', 'Japan', 'ONJ', 'RJSR', '40.19189835', '140.3710022', 9, '2700.00', '2020-01-01 12:33:45', '2020-01-01 12:33:45'),
(312, 'Shonai Airport', 'Shonai', 'Japan', 'SYO', 'RJSY', '38.81219864', '139.7870026', 9, '2700.00', '2020-01-01 12:33:45', '2020-01-01 12:33:45'),
(313, 'Miyakejima Airport', 'Miyakejima', 'Japan', 'MYE', 'RJTQ', '34.07360077', '139.5599976', 9, '2700.00', '2020-01-01 12:33:45', '2020-01-01 12:33:45'),
(314, 'Tajima Airport', 'Toyooka', 'Japan', 'TJH', 'RJBT', '35.51279831', '134.7870026', 9, '2700.00', '2020-01-01 12:33:45', '2020-01-01 12:33:45'),
(315, 'Amakusa Airport', 'Amakusa', 'Japan', 'AXJ', 'RJDA', '32.482498', '130.158997', 9, '2700.00', '2020-01-01 12:33:45', '2020-01-01 12:33:45'),
(316, 'Kikai Airport', 'Kikai', 'Japan', 'KKX', 'RJKI', '28.32130051', '129.9279938', 9, '2700.00', '2020-01-01 12:33:45', '2020-01-01 12:33:45'),
(317, 'Aguni Airport', 'Aguni', 'Japan', 'AGJ', 'RORA', '26.59250069', '127.2409973', 9, '2700.00', '2020-01-01 12:33:45', '2020-01-01 12:33:45'),
(318, 'Hiroshimanishi Airport', 'Hiroshima', 'Japan', 'HIW', 'RJBH', '34.3669014', '132.4140015', 9, '2700.00', '2020-01-01 12:33:45', '2020-01-01 12:33:45'),
(319, 'Kerama Airport', 'Kerama', 'Japan', 'KJP', 'ROKR', '26.16830063', '127.2929993', 9, '2700.00', '2020-01-01 12:33:45', '2020-01-01 12:33:45'),
(320, 'Pyongyang Sunan International Airport', 'Pyongyang', 'North Korea', 'FNJ', 'ZKPY', '39.224098', '125.669998', 9, '6000.00', '2020-01-01 12:33:45', '2020-01-01 12:33:45'),
(321, 'Sondok Airport', 'Hamhung', 'North Korea', 'DSO', 'ZKSD', '39.745201', '127.473999', 9, '6000.00', '2020-01-01 12:33:45', '2020-01-01 12:33:45'),
(322, 'Orang Airport', 'Chongjin', 'North Korea', 'RGO', 'ZKHM', '41.428538', '129.647555', 9, '6000.00', '2020-01-01 12:33:45', '2020-01-01 12:33:45'),
(323, 'Wonsan Kalma International Airport', 'Wonsan', 'North Korea', 'WOS', 'ZKWS', '39.166801', '127.486', 9, '6000.00', '2020-01-01 12:33:45', '2020-01-01 12:33:45'),
(324, 'Ninoy Aquino International Airport', 'Manila', 'Philippines', 'MNL', 'RPLL', '14.5086', '121.019997', 8, '2100.00', '2020-01-01 12:33:45', '2020-01-01 12:33:45'),
(325, 'Awang Airport', 'Cotabato', 'Philippines', 'CBO', 'RPMC', '7.165239811', '124.2099991', 8, '2100.00', '2020-01-01 12:33:45', '2020-01-01 12:33:45'),
(326, 'Pagadian Airport', 'Pagadian', 'Philippines', 'PAG', 'RPMP', '7.830731448', '123.4611797', 8, '2100.00', '2020-01-01 12:33:45', '2020-01-01 12:33:45');
INSERT INTO `airport` (`id`, `name`, `city`, `country`, `iata_code`, `icao_code`, `latitude`, `longitude`, `timezone`, `tax`, `create_at`, `update_at`) VALUES
(327, 'General Santos International Airport', 'Romblon', 'Philippines', 'GES', 'RPMR', '6.058000088', '125.0960007', 8, '2100.00', '2020-01-01 12:33:45', '2020-01-01 12:33:45'),
(328, 'Zamboanga International Airport', 'Zamboanga', 'Philippines', 'ZAM', 'RPMZ', '6.922420025', '122.0599976', 8, '2100.00', '2020-01-01 12:33:45', '2020-01-01 12:33:45'),
(329, 'Loakan Airport', 'Baguio', 'Philippines', 'BAG', 'RPUB', '16.37509918', '120.6200027', 8, '2100.00', '2020-01-01 12:33:45', '2020-01-01 12:33:45'),
(330, 'Daet Airport', 'Daet', 'Philippines', 'DTE', 'RPUD', '14.12919998', '122.9800034', 8, '2100.00', '2020-01-01 12:33:45', '2020-01-01 12:33:45'),
(331, 'San Jose Airport', 'San Jose', 'Philippines', 'SJI', 'RPUH', '12.36149979', '121.0469971', 8, '2100.00', '2020-01-01 12:33:45', '2020-01-01 12:33:45'),
(332, 'Mamburao Airport', 'Mamburao', 'Philippines', 'MBO', 'RPUM', '13.20810032', '120.6050034', 8, '2100.00', '2020-01-01 12:33:45', '2020-01-01 12:33:45'),
(333, 'Dr.Juan C. Angara Airport', 'Baler', 'Philippines', 'BQA', 'RPUR', '15.729309', '121.500034', 8, '2100.00', '2020-01-01 12:33:45', '2020-01-01 12:33:45'),
(334, 'Daniel Z. Romualdez Airport', 'Tacloban', 'Philippines', 'TAC', 'RPVA', '11.228035', '125.027761', 8, '2100.00', '2020-01-01 12:33:45', '2020-01-01 12:33:45'),
(335, 'Bacolod-Silay Airport', 'Bacolod', 'Philippines', 'BCD', 'RPVB', '10.7764', '123.014999', 8, '2100.00', '2020-01-01 12:33:45', '2020-01-01 12:33:45'),
(336, 'Sibulan Airport', 'Dumaguete', 'Philippines', 'DGT', 'RPVD', '9.333709717', '123.3000031', 8, '2100.00', '2020-01-01 12:33:45', '2020-01-01 12:33:45'),
(337, 'Godofredo P. Ramos Airport', 'Caticlan', 'Philippines', 'MPH', 'RPVE', '11.9245', '121.954002', 8, '2100.00', '2020-01-01 12:33:45', '2020-01-01 12:33:45'),
(338, 'Iloilo International Airport', 'Iloilo', 'Philippines', 'ILO', 'RPVI', '10.833017', '122.493358', 8, '2100.00', '2020-01-01 12:33:45', '2020-01-01 12:33:45'),
(339, 'Kalibo International Airport', 'Kalibo', 'Philippines', 'KLO', 'RPVK', '11.67940044', '122.3759995', 8, '2100.00', '2020-01-01 12:33:45', '2020-01-01 12:33:45'),
(340, 'Puerto Princesa Airport', 'Puerto Princesa', 'Philippines', 'PPS', 'RPVP', '9.742119789', '118.7590027', 8, '2100.00', '2020-01-01 12:33:45', '2020-01-01 12:33:45'),
(341, 'Evelio Javier Airport', 'San Jose', 'Philippines', 'EUQ', 'RPVS', '10.76599979', '121.9329987', 8, '2100.00', '2020-01-01 12:33:45', '2020-01-01 12:33:45'),
(342, 'Tagbilaran Airport', 'Tagbilaran', 'Philippines', 'TAG', 'RPVT', '9.665442', '123.853533', 8, '2100.00', '2020-01-01 12:33:45', '2020-01-01 12:33:45'),
(343, 'Francisco Bangoy International Airport', 'Davao', 'Philippines', 'DVO', 'RPMD', '7.125520229', '125.6460037', 8, '2100.00', '2020-01-01 12:33:45', '2020-01-01 12:33:45'),
(344, 'Diosdado Macapagal International Airport', 'Angeles City', 'Philippines', 'CRK', 'RPLC', '15.186', '120.559998', 8, '2100.00', '2020-01-01 12:33:45', '2020-01-01 12:33:45'),
(345, 'Francisco B. Reyes Airport', 'Busuanga', 'Philippines', 'USU', 'RPVV', '12.12150002', '120.0999985', 8, '2100.00', '2020-01-01 12:33:45', '2020-01-01 12:33:45'),
(346, 'Bancasi Airport', 'Butuan', 'Philippines', 'BXU', 'RPME', '8.9515', '125.4788', 8, '2100.00', '2020-01-01 12:33:45', '2020-01-01 12:33:45'),
(347, 'Dipolog Airport', 'Dipolog', 'Philippines', 'DPL', 'RPMG', '8.601983499', '123.3418751', 8, '2100.00', '2020-01-01 12:33:45', '2020-01-01 12:33:45'),
(348, 'Laoag International Airport', 'Laoag', 'Philippines', 'LAO', 'RPLI', '18.17810059', '120.5319977', 8, '2100.00', '2020-01-01 12:33:45', '2020-01-01 12:33:45'),
(349, 'Legazpi City International Airport', 'Legazpi', 'Philippines', 'LGP', 'RPLP', '13.1575', '123.735', 8, '2100.00', '2020-01-01 12:33:45', '2020-01-01 12:33:45'),
(350, 'Labo Airport', 'Ozamis', 'Philippines', 'OZC', 'RPMO', '8.178509712', '123.8420029', 8, '2100.00', '2020-01-01 12:33:45', '2020-01-01 12:33:45'),
(351, 'Mactan Cebu International Airport', 'Cebu', 'Philippines', 'CEB', 'RPVM', '10.30749989', '123.9789963', 8, '2100.00', '2020-01-01 12:33:45', '2020-01-01 12:33:45'),
(352, 'Subic Bay International Airport', 'Olongapo City', 'Philippines', 'SFS', 'RPLB', '14.79440022', '120.2710037', 8, '2100.00', '2020-01-01 12:33:45', '2020-01-01 12:33:45'),
(353, 'Cuyo Airport', 'Cuyo', 'Philippines', 'CYU', 'RPLO', '10.85809994', '121.0690002', 8, '2100.00', '2020-01-01 12:33:45', '2020-01-01 12:33:45'),
(354, 'Camiguin Airport', 'Camiguin', 'Philippines', 'CGM', 'RPMH', '9.253520012', '124.7070007', 8, '2100.00', '2020-01-01 12:33:45', '2020-01-01 12:33:45'),
(355, 'Jolo Airport', 'Jolo', 'Philippines', 'JOL', 'RPMJ', '6.05366993', '121.0110016', 8, '2100.00', '2020-01-01 12:33:45', '2020-01-01 12:33:45'),
(356, 'Sanga Sanga Airport', 'Sanga Sanga', 'Philippines', 'TWT', 'RPMN', '5.046991', '119.742996', 8, '2100.00', '2020-01-01 12:33:45', '2020-01-01 12:33:45'),
(357, 'Surigao Airport', 'Sangley Point', 'Philippines', 'SUG', 'RPMS', '9.755838326', '125.4809475', 8, '2100.00', '2020-01-01 12:33:45', '2020-01-01 12:33:45'),
(358, 'Tandag Airport', 'Tandag', 'Philippines', 'TDG', 'RPMW', '9.072110176', '126.1709976', 8, '2100.00', '2020-01-01 12:33:45', '2020-01-01 12:33:45'),
(359, 'Naga Airport', 'Naga', 'Philippines', 'WNP', 'RPUN', '13.5848999', '123.2699966', 8, '2100.00', '2020-01-01 12:33:45', '2020-01-01 12:33:45'),
(360, 'Basco Airport', 'Basco', 'Philippines', 'BSO', 'RPUO', '20.4513', '121.980003', 8, '2100.00', '2020-01-01 12:33:45', '2020-01-01 12:33:45'),
(361, 'San Fernando Airport', 'San Fernando', 'Philippines', 'SFE', 'RPUS', '16.59560013', '120.3030014', 8, '2100.00', '2020-01-01 12:33:45', '2020-01-01 12:33:45'),
(362, 'Tuguegarao Airport', 'Tuguegarao', 'Philippines', 'TUG', 'RPUT', '17.64336768', '121.7331505', 8, '2100.00', '2020-01-01 12:33:45', '2020-01-01 12:33:45'),
(363, 'Virac Airport', 'Virac', 'Philippines', 'VRC', 'RPUV', '13.5763998', '124.2060013', 8, '2100.00', '2020-01-01 12:33:45', '2020-01-01 12:33:45'),
(364, 'Calbayog Airport', 'Calbayog City', 'Philippines', 'CYP', 'RPVC', '12.07269955', '124.5449982', 8, '2100.00', '2020-01-01 12:33:45', '2020-01-01 12:33:45'),
(365, 'Catarman National Airport', 'Catarman', 'Philippines', 'CRM', 'RPVF', '12.5024004', '124.6360016', 8, '2100.00', '2020-01-01 12:33:45', '2020-01-01 12:33:45'),
(366, 'Moises R. Espinosa Airport', 'Masbate', 'Philippines', 'MBT', 'RPVJ', '12.369682', '123.630095', 8, '2100.00', '2020-01-01 12:33:45', '2020-01-01 12:33:45'),
(367, 'Roxas Airport', 'Roxas City', 'Philippines', 'RXS', 'RPVR', '11.59770012', '122.7519989', 8, '2100.00', '2020-01-01 12:33:45', '2020-01-01 12:33:45'),
(368, 'Ormoc Airport', 'Ormoc City', 'Philippines', 'OMC', 'RPVO', '11.05799961', '124.5650024', 8, '2100.00', '2020-01-01 12:33:45', '2020-01-01 12:33:45'),
(369, 'Cauayan Airport', 'Cauayan', 'Philippines', 'CYZ', 'RPUY', '16.92989922', '121.7529984', 8, '2100.00', '2020-01-01 12:33:45', '2020-01-01 12:33:45'),
(370, 'Tugdan Airport', 'Romblon', 'Philippines', 'TBH', 'RPVU', '12.31099987', '122.0849991', 8, '2100.00', '2020-01-01 12:33:45', '2020-01-01 12:33:45'),
(371, 'Marinduque Airport', 'Gasan', 'Philippines', 'MRQ', 'RPUW', '13.36100006', '121.8259964', 8, '2100.00', '2020-01-01 12:33:45', '2020-01-01 12:33:45'),
(372, 'Siargao Airport', 'Siargao', 'Philippines', 'IAO', 'RPNS', '9.8591', '126.014', 8, '2100.00', '2020-01-01 12:33:45', '2020-01-01 12:33:45'),
(373, 'Lubang Airport', 'Lubang', 'Philippines', 'LBX', 'RPLU', '13.85540009', '120.1050034', 8, '2100.00', '2020-01-01 12:33:45', '2020-01-01 12:33:45'),
(374, 'Cesar Lim Rodriguez Airport', 'Taytay', 'Philippines', 'RZP', 'RPSD', '10.81874', '119.507697', 8, '2100.00', '2020-01-01 12:33:45', '2020-01-01 12:33:45'),
(375, 'Paya Lebar Air Base', 'Paya Lebar', 'Singapore', 'QPG', 'WSAP', '1.360419989', '103.9100037', 8, '3600.00', '2020-01-01 12:33:45', '2020-01-01 12:33:45'),
(376, 'Tengah Air Base', 'Tengah', 'Singapore', 'TGA', 'WSAT', '1.38725996', '103.7089996', 8, '3600.00', '2020-01-01 12:33:45', '2020-01-01 12:33:45'),
(377, 'Seletar Airport', 'Singapore', 'Singapore', 'XSP', 'WSSL', '1.416949987', '103.8679962', 8, '3600.00', '2020-01-01 12:33:45', '2020-01-01 12:33:45'),
(378, 'Singapore Changi Airport', 'Singapore', 'Singapore', 'SIN', 'WSSS', '1.35019', '103.994003', 8, '3600.00', '2020-01-01 12:33:45', '2020-01-01 12:33:45'),
(379, 'Seosan Air Base', 'Seosan', 'South Korea', 'HMY', 'RKTP', '36.703999', '126.486', 9, '1900.00', '2020-01-01 12:33:45', '2020-01-01 12:33:45'),
(380, 'Gwangju Airport', 'Kwangju', 'South Korea', 'KWJ', 'RKJJ', '35.123173', '126.805444', 9, '1900.00', '2020-01-01 12:33:45', '2020-01-01 12:33:45'),
(381, 'Jeon Ju Airport (G-703)', 'Jhunju', 'South Korea', 'CHN', 'RKJU', '35.87808', '127.119112', 9, '1900.00', '2020-01-01 12:33:45', '2020-01-01 12:33:45'),
(382, 'Yeosu Airport', 'Yeosu', 'South Korea', 'RSU', 'RKJY', '34.84230042', '127.6169968', 9, '1900.00', '2020-01-01 12:33:45', '2020-01-01 12:33:45'),
(383, 'Gangneung Airport (K-18)', 'Kangnung', 'South Korea', 'KAG', 'RKNN', '37.753601', '128.943915', 9, '1900.00', '2020-01-01 12:33:45', '2020-01-01 12:33:45'),
(384, 'Jeju International Airport', 'Cheju', 'South Korea', 'CJU', 'RKPC', '33.51129913', '126.4929962', 9, '1900.00', '2020-01-01 12:33:45', '2020-01-01 12:33:45'),
(385, 'Jinhae Airbase/Airport (G-813/K-10)', 'Chinhae', 'South Korea', 'CHF', 'RKPE', '35.140248', '128.696229', 9, '1900.00', '2020-01-01 12:33:45', '2020-01-01 12:33:45'),
(386, 'Gimhae International Airport', 'Busan', 'South Korea', 'PUS', 'RKPK', '35.17950058', '128.9380035', 9, '1900.00', '2020-01-01 12:33:45', '2020-01-01 12:33:45'),
(387, 'Ulsan Airport', 'Ulsan', 'South Korea', 'USN', 'RKPU', '35.59349823', '129.352005', 9, '1900.00', '2020-01-01 12:33:45', '2020-01-01 12:33:45'),
(388, 'Seoul Air Base (K-16)', 'Seoul East', 'South Korea', 'SSN', 'RKSM', '37.444744', '127.112718', 9, '1900.00', '2020-01-01 12:33:45', '2020-01-01 12:33:45'),
(389, 'Osan Air Base', 'Osan', 'South Korea', 'OSN', 'RKSO', '37.090599', '127.029999', 9, '1900.00', '2020-01-01 12:33:45', '2020-01-01 12:33:45'),
(390, 'Gimpo International Airport', 'Seoul', 'South Korea', 'GMP', 'RKSS', '37.5583', '126.791', 9, '1900.00', '2020-01-01 12:33:45', '2020-01-01 12:33:45'),
(391, 'Suwon Airport', 'Suwon', 'South Korea', 'SWU', 'RKSW', '37.23939896', '127.0070038', 9, '1900.00', '2020-01-01 12:33:45', '2020-01-01 12:33:45'),
(392, 'Pohang Airport (G-815/K-3)', 'Pohang', 'South Korea', 'KPO', 'RKTH', '35.987955', '129.420383', 9, '1900.00', '2020-01-01 12:33:45', '2020-01-01 12:33:45'),
(393, 'Daegu Airport', 'Taegu', 'South Korea', 'TAE', 'RKTN', '35.896872', '128.65531', 9, '1900.00', '2020-01-01 12:33:45', '2020-01-01 12:33:45'),
(394, 'Yecheon Airbase', 'Yechon', 'South Korea', 'YEC', 'RKTY', '36.630373', '128.34971', 9, '1900.00', '2020-01-01 12:33:45', '2020-01-01 12:33:45'),
(395, 'Incheon International Airport', 'Seoul', 'South Korea', 'ICN', 'RKSI', '37.46910095', '126.4509964', 9, '1900.00', '2020-01-01 12:33:45', '2020-01-01 12:33:45'),
(396, 'Muan International Airport', 'Muan', 'South Korea', 'MWX', 'RKJB', '34.991406', '126.382814', 9, '1900.00', '2020-01-01 12:33:45', '2020-01-01 12:33:45'),
(397, 'Kunsan Air Base', 'Kunsan', 'South Korea', 'KUV', 'RKJK', '35.90380096', '126.6159973', 9, '1900.00', '2020-01-01 12:33:45', '2020-01-01 12:33:45'),
(398, 'Mokpo Heliport', 'Mokpo', 'South Korea', 'MPK', 'RKJM', '34.75889969', '126.3799973', 9, '1900.00', '2020-01-01 12:33:45', '2020-01-01 12:33:45'),
(399, 'Wonju/Hoengseong Air Base (K-38/K-46)', 'Wonju', 'South Korea', 'WJU', 'RKNW', '37.441201', '127.963858', 9, '1900.00', '2020-01-01 12:33:45', '2020-01-01 12:33:45'),
(400, 'Yangyang International Airport', 'Sokcho / Gangneung', 'South Korea', 'YNY', 'RKNY', '38.061298', '128.669006', 9, '1900.00', '2020-01-01 12:33:45', '2020-01-01 12:33:45'),
(401, 'Sacheon Air Base/Airport', 'Sacheon', 'South Korea', 'HIN', 'RKPS', '35.088591', '128.071747', 9, '1900.00', '2020-01-01 12:33:45', '2020-01-01 12:33:45'),
(402, 'Cheongju International Airport/Cheongju Air Base (K-59/G-513)', 'Chongju', 'South Korea', 'CJJ', 'RKTU', '36.717008', '127.498741', 9, '1900.00', '2020-01-01 12:33:45', '2020-01-01 12:33:45'),
(403, 'Jeongseok Airport', 'Seogwipo', 'South Korea', 'JDG', 'RKPD', '33.39960098', '126.711998', 9, '1900.00', '2020-01-01 12:33:45', '2020-01-01 12:33:45'),
(404, 'Don Mueang International Airport', 'Bangkok', 'Thailand', 'DMK', 'VTBD', '13.91259956', '100.6070023', 7, '1500.00', '2020-01-01 12:33:45', '2020-01-01 12:33:45'),
(405, 'Kamphaeng Saen Airport', 'Nakhon Pathom', 'Thailand', 'KDT', 'VTBK', '14.10200024', '99.91719818', 7, '1500.00', '2020-01-01 12:33:45', '2020-01-01 12:33:45'),
(406, 'U-Tapao International Airport', 'Pattaya', 'Thailand', 'UTP', 'VTBU', '12.67990017', '101.0049973', 7, '1500.00', '2020-01-01 12:33:45', '2020-01-01 12:33:45'),
(407, 'Lampang Airport', 'Lampang', 'Thailand', 'LPT', 'VTCL', '18.27090073', '99.5042038', 7, '1500.00', '2020-01-01 12:33:45', '2020-01-01 12:33:45'),
(408, 'Phrae Airport', 'Phrae', 'Thailand', 'PRH', 'VTCP', '18.13220024', '100.1650009', 7, '1500.00', '2020-01-01 12:33:45', '2020-01-01 12:33:45'),
(409, 'Hua Hin Airport', 'Prachuap Khiri Khan', 'Thailand', 'HHQ', 'VTPH', '12.63619995', '99.95149994', 7, '1500.00', '2020-01-01 12:33:45', '2020-01-01 12:33:45'),
(410, 'Takhli Airport', 'Nakhon Sawan', 'Thailand', 'TKH', 'VTPI', '15.27729988', '100.2959976', 7, '1500.00', '2020-01-01 12:33:45', '2020-01-01 12:33:45'),
(411, 'Phitsanulok Airport', 'Phitsanulok', 'Thailand', 'PHS', 'VTPP', '16.78289986', '100.2789993', 7, '1500.00', '2020-01-01 12:33:45', '2020-01-01 12:33:45'),
(412, 'Narathiwat Airport', 'Narathiwat', 'Thailand', 'NAW', 'VTSC', '6.519919872', '101.7429962', 7, '1500.00', '2020-01-01 12:33:45', '2020-01-01 12:33:45'),
(413, 'Krabi Airport', 'Krabi', 'Thailand', 'KBV', 'VTSG', '8.09912014', '98.98619843', 7, '1500.00', '2020-01-01 12:33:45', '2020-01-01 12:33:45'),
(414, 'Songkhla Airport', 'Songkhla', 'Thailand', 'SGZ', 'VTSH', '7.186560154', '100.6080017', 7, '1500.00', '2020-01-01 12:33:45', '2020-01-01 12:33:45'),
(415, 'Pattani Airport', 'Pattani', 'Thailand', 'PAN', 'VTSK', '6.785459995', '101.1539993', 7, '1500.00', '2020-01-01 12:33:45', '2020-01-01 12:33:45'),
(416, 'Samui Airport', 'Ko Samui', 'Thailand', 'USM', 'VTSM', '9.547789574', '100.0619965', 7, '1500.00', '2020-01-01 12:33:45', '2020-01-01 12:33:45'),
(417, 'Phuket International Airport', 'Phuket', 'Thailand', 'HKT', 'VTSP', '8.1132', '98.316902', 7, '1500.00', '2020-01-01 12:33:45', '2020-01-01 12:33:45'),
(418, 'Ranong Airport', 'Ranong', 'Thailand', 'UNN', 'VTSR', '9.777620316', '98.58550262', 7, '1500.00', '2020-01-01 12:33:45', '2020-01-01 12:33:45'),
(419, 'Hat Yai International Airport', 'Hat Yai', 'Thailand', 'HDY', 'VTSS', '6.933209896', '100.3929977', 7, '1500.00', '2020-01-01 12:33:45', '2020-01-01 12:33:45'),
(420, 'Trang Airport', 'Trang', 'Thailand', 'TST', 'VTST', '7.508739948', '99.61660004', 7, '1500.00', '2020-01-01 12:33:45', '2020-01-01 12:33:45'),
(421, 'Udon Thani Airport', 'Udon Thani', 'Thailand', 'UTH', 'VTUD', '17.38640022', '102.788002', 7, '1500.00', '2020-01-01 12:33:45', '2020-01-01 12:33:45'),
(422, 'Sakon Nakhon Airport', 'Sakon Nakhon', 'Thailand', 'SNO', 'VTUI', '17.19510078', '104.1190033', 7, '1500.00', '2020-01-01 12:33:45', '2020-01-01 12:33:45'),
(423, 'Surin Airport', 'Surin', 'Thailand', 'PXR', 'VTUJ', '14.86830044', '103.4980011', 7, '1500.00', '2020-01-01 12:33:45', '2020-01-01 12:33:45'),
(424, 'Loei Airport', 'Loei', 'Thailand', 'LOE', 'VTUL', '17.43910027', '101.7220001', 7, '1500.00', '2020-01-01 12:33:45', '2020-01-01 12:33:45'),
(425, 'Suvarnabhumi Airport', 'Bangkok', 'Thailand', 'BKK', 'VTBS', '13.68109989', '100.7470016', 7, '1500.00', '2020-01-01 12:33:45', '2020-01-01 12:33:45'),
(426, 'Chiang Mai International Airport', 'Chiang Mai', 'Thailand', 'CNX', 'VTCC', '18.76679993', '98.96260071', 7, '1500.00', '2020-01-01 12:33:45', '2020-01-01 12:33:45'),
(427, 'Chiang Rai International Airport', 'Chiang Rai', 'Thailand', 'CEI', 'VTCT', '19.95229912', '99.88289642', 7, '1500.00', '2020-01-01 12:33:45', '2020-01-01 12:33:45'),
(428, 'Nakhon Si Thammarat Airport', 'Nakhon Si Thammarat', 'Thailand', 'NST', 'VTSF', '8.539620399', '99.94470215', 7, '1500.00', '2020-01-01 12:33:45', '2020-01-01 12:33:45'),
(429, 'Nakhon Ratchasima Airport', 'Nakhon Ratchasima', 'Thailand', 'NAK', 'VTUQ', '14.94950008', '102.3130035', 7, '1500.00', '2020-01-01 12:33:45', '2020-01-01 12:33:45'),
(430, 'Nakhon Phanom Airport', 'Nakhon Phanom', 'Thailand', 'KOP', 'VTUW', '17.38380051', '104.6429977', 7, '1500.00', '2020-01-01 12:33:45', '2020-01-01 12:33:45'),
(431, 'Ubon Ratchathani Airport', 'Ubon Ratchathani', 'Thailand', 'UBP', 'VTUU', '15.25129986', '104.8700027', 7, '1500.00', '2020-01-01 12:33:45', '2020-01-01 12:33:45'),
(432, 'Khon Kaen Airport', 'Khon Kaen', 'Thailand', 'KKC', 'VTUK', '16.46660042', '102.7839966', 7, '1500.00', '2020-01-01 12:33:45', '2020-01-01 12:33:45'),
(433, 'Sukhothai Airport', 'Sukhothai', 'Thailand', 'THS', 'VTPO', '17.23800087', '99.81819916', 7, '1500.00', '2020-01-01 12:33:45', '2020-01-01 12:33:45'),
(434, 'Surat Thani Airport', 'Surat Thani', 'Thailand', 'URT', 'VTSB', '9.132599831', '99.13559723', 7, '1500.00', '2020-01-01 12:33:45', '2020-01-01 12:33:45'),
(435, 'Mae Hong Son Airport', 'Mae Hong Son', 'Thailand', 'HGN', 'VTCH', '19.30130005', '97.97579956', 7, '1500.00', '2020-01-01 12:33:45', '2020-01-01 12:33:45'),
(436, 'Nan Airport', 'Nan', 'Thailand', 'NNT', 'VTCN', '18.80789948', '100.7829971', 7, '1500.00', '2020-01-01 12:33:45', '2020-01-01 12:33:45'),
(437, 'Roi Et Airport', 'Roi Et', 'Thailand', 'ROI', 'VTUV', '16.11680031', '103.7740021', 7, '1500.00', '2020-01-01 12:33:45', '2020-01-01 12:33:45'),
(438, 'Buri Ram Airport', 'Buri Ram', 'Thailand', 'BFV', 'VTUO', '15.22949982', '103.2529984', 7, '1500.00', '2020-01-01 12:33:45', '2020-01-01 12:33:45'),
(439, 'Trat Airport', 'Trat', 'Thailand', 'TDX', 'VTBO', '12.27460003', '102.3190002', 7, '1500.00', '2020-01-01 12:33:45', '2020-01-01 12:33:45'),
(440, 'Mae Hong Son Airport', 'Pai', 'Thailand', 'PYY', 'VTCI', '19.37199974', '98.43699646', 7, '1500.00', '2020-01-01 12:33:45', '2020-01-01 12:33:45'),
(441, 'Phetchabun Airport', 'Phetchabun', 'Thailand', 'PHY', 'VTPB', '16.6760006', '101.1949997', 7, '1500.00', '2020-01-01 12:33:45', '2020-01-01 12:33:45'),
(442, 'Chumphon Airport', 'Chumphon', 'Thailand', 'CJM', 'VTSE', '10.71119976', '99.36170197', 7, '1500.00', '2020-01-01 12:33:45', '2020-01-01 12:33:45'),
(443, 'Mae Sot Airport', 'Tak', 'Thailand', 'MAQ', 'VTPM', '16.69989967', '98.54509735', 7, '1500.00', '2020-01-01 12:33:45', '2020-01-01 12:33:45'),
(444, 'Tak Airport', 'Tak', 'Thailand', 'TKT', 'VTPT', '16.89599991', '99.25330353', 7, '1500.00', '2020-01-01 12:33:45', '2020-01-01 12:33:45'),
(445, 'Da Nang International Airport', 'Danang', 'Vietnam', 'DAD', 'VVDN', '16.04389954', '108.1989975', 7, '1850.00', '2020-01-01 12:33:45', '2020-01-01 12:33:45'),
(446, 'Noi Bai International Airport', 'Hanoi', 'Vietnam', 'HAN', 'VVNB', '21.22120094', '105.8069992', 7, '1850.00', '2020-01-01 12:33:45', '2020-01-01 12:33:45'),
(447, 'Nha Trang Air Base', 'Nhatrang', 'Vietnam', 'NHA', 'VVNT', '12.2275', '109.192001', 7, '1850.00', '2020-01-01 12:33:45', '2020-01-01 12:33:45'),
(448, 'Phu Bai Airport', 'Hue', 'Vietnam', 'HUI', 'VVPB', '16.4015007', '107.7030029', 7, '1850.00', '2020-01-01 12:33:45', '2020-01-01 12:33:45'),
(449, 'Phu Quoc International Airport', 'Phuquoc', 'Vietnam', 'PQC', 'VVPQ', '10.1698', '103.9931', 7, '1850.00', '2020-01-01 12:33:45', '2020-01-01 12:33:45'),
(450, 'Tan Son Nhat International Airport', 'Ho Chi Minh City', 'Vietnam', 'SGN', 'VVTS', '10.81879997', '106.6520004', 7, '1850.00', '2020-01-01 12:33:45', '2020-01-01 12:33:45'),
(451, 'Lien Khuong Airport', 'Dalat', 'Vietnam', 'DLI', 'VVDL', '11.75', '108.366997', 7, '1850.00', '2020-01-01 12:33:45', '2020-01-01 12:33:45'),
(452, 'Dong Hoi Airport', 'Dong Hoi', 'Vietnam', 'VDH', 'VVDH', '17.515', '106.590556', 7, '1850.00', '2020-01-01 12:33:45', '2020-01-01 12:33:45'),
(453, 'Rach Gia Airport', 'Rach Gia', 'Vietnam', 'VKG', 'VVRG', '9.958029972', '105.1323795', 7, '1850.00', '2020-01-01 12:33:45', '2020-01-01 12:33:45'),
(454, 'Cà Mau Airport', 'Ca Mau', 'Vietnam', 'CAH', 'VVCM', '9.177667', '105.177778', 7, '1850.00', '2020-01-01 12:33:45', '2020-01-01 12:33:45'),
(455, 'Chu Lai International Airport', 'Chu Lai', 'Vietnam', 'VCL', 'VVCA', '15.40330029', '108.7060013', 7, '1850.00', '2020-01-01 12:33:45', '2020-01-01 12:33:45'),
(456, 'Dong Tac Airport', 'Tuy Hoa', 'Vietnam', 'TBB', 'VVTH', '13.04959965', '109.3339996', 7, '1850.00', '2020-01-01 12:33:45', '2020-01-01 12:33:45'),
(457, 'Buon Ma Thuot Airport', 'Buonmethuot', 'Vietnam', 'BMV', 'VVBM', '12.66829968', '108.1200027', 7, '1850.00', '2020-01-01 12:33:45', '2020-01-01 12:33:45'),
(458, 'Cat Bi International Airport', 'Haiphong', 'Vietnam', 'HPH', 'VVCI', '20.81940079', '106.7249985', 7, '1850.00', '2020-01-01 12:33:45', '2020-01-01 12:33:45'),
(459, 'Cam Ranh Airport', 'Nha Trang', 'Vietnam', 'CXR', 'VVCR', '11.99820042', '109.2190018', 7, '1850.00', '2020-01-01 12:33:45', '2020-01-01 12:33:45'),
(460, 'Co Ong Airport', 'Conson', 'Vietnam', 'VCS', 'VVCS', '8.73183', '106.633003', 7, '1850.00', '2020-01-01 12:33:45', '2020-01-01 12:33:45'),
(461, 'Can Tho International Airport', 'Can Tho', 'Vietnam', 'VCA', 'VVCT', '10.08510017', '105.711998', 7, '1850.00', '2020-01-01 12:33:45', '2020-01-01 12:33:45'),
(462, 'Dien Bien Phu Airport', 'Dienbienphu', 'Vietnam', 'DIN', 'VVDB', '21.39749908', '103.0080032', 7, '1850.00', '2020-01-01 12:33:45', '2020-01-01 12:33:45'),
(463, 'Phu Cat Airport', 'Phucat', 'Vietnam', 'UIH', 'VVPC', '13.955', '109.042', 7, '1850.00', '2020-01-01 12:33:45', '2020-01-01 12:33:45'),
(464, 'Pleiku Airport', 'Pleiku', 'Vietnam', 'PXU', 'VVPK', '14.00450039', '108.0169983', 7, '1850.00', '2020-01-01 12:33:45', '2020-01-01 12:33:45'),
(465, 'Vinh Airport', 'Vinh', 'Vietnam', 'VII', 'VVVH', '18.73760033', '105.6709976', 7, '1850.00', '2020-01-01 12:33:45', '2020-01-01 12:33:45'),
(466, 'Phan Rang Airport', 'Phan Rang', 'Vietnam', 'PHA', 'VVPR', '11.6335001', '108.9520035', 7, '1850.00', '2020-01-01 12:33:45', '2020-01-01 12:33:45'),
(467, 'Na-San Airport', 'Son-La', 'Vietnam', 'SQH', 'VVNS', '21.21699905', '104.0329971', 7, '1850.00', '2020-01-01 12:33:45', '2020-01-01 12:33:45');

-- --------------------------------------------------------

--
-- Table structure for table `booking`
--

CREATE TABLE `booking` (
  `id` int(11) NOT NULL COMMENT 'unique id ใช้สำหรับเชื่อมความสัมพันธ์กับ table อื่นๆ ',
  `booking_passenger_detail_id` int(11) NOT NULL COMMENT 'id ข้อมูลผู้โดยสาร',
  `schedule_id` int(11) NOT NULL COMMENT 'id กำหนดการไฟล์บิน',
  `airplane_seat_id` int(11) NOT NULL COMMENT 'id ที่นั่ง',
  `reference_code` varchar(10) NOT NULL COMMENT 'รหัสอ้างอิงการจอง การจองเป็นกลุ่มหลายคนจะได้เป็นรหัสเดียวกัน',
  `price_flight` decimal(10,2) NOT NULL COMMENT 'ราคาค่าโดยสาร',
  `price_tax` decimal(10,2) NOT NULL COMMENT 'ราคาค่าภาษีสนามบิน',
  `price_discount` decimal(10,2) NOT NULL COMMENT 'ส่วนลด',
  `member_id` int(11) DEFAULT NULL COMMENT 'id ผู้จองที่เป็นลูกค้า (Null if employee_id not Null)',
  `employee_id` int(11) DEFAULT NULL COMMENT 'id ผู้จองที่เป็นพนักงาน (Null if member_id not Null)',
  `create_at` datetime NOT NULL COMMENT 'วันเดือนปีที่สร้าง record',
  `update_at` datetime NOT NULL COMMENT 'วันเดือนปีที่แก้ไข record'
) ENGINE=InnoDB DEFAULT CHARSET=utf8mb4;

--
-- Dumping data for table `booking`
--

INSERT INTO `booking` (`id`, `booking_passenger_detail_id`, `schedule_id`, `airplane_seat_id`, `reference_code`, `price_flight`, `price_tax`, `price_discount`, `member_id`, `employee_id`, `create_at`, `update_at`) VALUES
(1, 1, 1, 7, 'kcTW1z9oW2', '17520.00', '3600.00', '0.00', 2, NULL, '2022-08-20 13:00:00', '2022-08-20 13:00:00'),
(2, 2, 1, 31, 'A2y34LlpCp', '10512.00', '3600.00', '0.00', 7, NULL, '2022-08-23 11:00:00', '2022-08-23 11:00:00'),
(3, 3, 1, 32, 'A2y34LlpCp', '10512.00', '3600.00', '0.00', 7, NULL, '2022-08-23 11:00:00', '2022-08-23 11:00:00'),
(4, 4, 1, 33, 'A2y34LlpCp', '10512.00', '3600.00', '0.00', 7, NULL, '2022-08-23 11:00:00', '2022-08-23 11:00:00'),
(5, 5, 1, 34, 'A2y34LlpCp', '10512.00', '3600.00', '0.00', 7, NULL, '2022-08-23 11:00:00', '2022-08-23 11:00:00'),
(6, 6, 1, 35, 'A2y34LlpCp', '10512.00', '3600.00', '0.00', 7, NULL, '2022-08-23 11:00:00', '2022-08-23 11:00:00'),
(7, 7, 1, 37, '5FstlXHuq4', '8760.00', '3600.00', '0.00', 7, NULL, '2022-08-23 19:00:00', '2022-08-23 19:00:00'),
(8, 8, 1, 38, '5FstlXHuq4', '8760.00', '3600.00', '0.00', 7, NULL, '2022-08-23 19:00:00', '2022-08-23 19:00:00'),
(9, 9, 1, 39, '5FstlXHuq4', '8760.00', '3600.00', '0.00', 7, NULL, '2022-08-23 19:00:00', '2022-08-23 19:00:00'),
(10, 10, 1, 48, 'w9lAQkxGhD', '10512.00', '3600.00', '3363.84', NULL, 20, '2022-08-31 09:00:00', '2022-08-31 09:00:00'),
(11, 11, 1, 49, 'w9lAQkxGhD', '8760.00', '3600.00', '3504.00', NULL, 20, '2022-08-31 09:00:00', '2022-08-31 09:00:00'),
(12, 12, 1, 50, 'w9lAQkxGhD', '8760.00', '3600.00', '3504.00', NULL, 20, '2022-08-31 09:00:00', '2022-08-31 09:00:00'),
(13, 13, 1, 51, 'w9lAQkxGhD', '8760.00', '3600.00', '3504.00', NULL, 20, '2022-08-31 09:00:00', '2022-08-31 09:00:00'),
(14, 14, 1, 2, '2KsWp1ZZsE', '17520.00', '3600.00', '2452.80', 14, NULL, '2022-08-31 09:00:00', '2022-08-31 09:00:00'),
(15, 15, 1, 2, '7VG3Mk1qQP', '17520.00', '3600.00', '2452.80', 13, NULL, '2022-08-31 10:00:00', '2022-08-31 10:00:00'),
(16, 7, 2, 34, 'CCCCC1', '8760.00', '3600.00', '3504.00', NULL, 20, '2022-08-31 09:00:00', '2022-08-31 09:00:00'),
(17, 8, 2, 35, 'CCCCC2', '8760.00', '3600.00', '3504.00', NULL, 20, '2022-08-31 09:00:00', '2022-08-31 09:00:00'),
(18, 9, 2, 37, 'CCCCC2', '8760.00', '3600.00', '3504.00', NULL, 20, '2022-08-31 09:00:00', '2022-08-31 09:00:00'),
(19, 15, 3, 38, 'CCCCC7', '8760.00', '3600.00', '3504.00', NULL, 20, '2022-08-31 09:00:00', '2022-08-31 09:00:00'),
(20, 16, 3, 39, 'CCCCC7', '8760.00', '3600.00', '3504.00', NULL, 20, '2022-09-28 09:00:00', '2022-09-28 09:00:00'),
(21, 8, 3, 40, 'CCCCC7', '8760.00', '3600.00', '3504.00', NULL, 20, '2022-09-28 09:00:00', '2022-09-28 09:00:00');

-- --------------------------------------------------------

--
-- Table structure for table `booking_passenger_detail`
--

CREATE TABLE `booking_passenger_detail` (
  `id` int(11) NOT NULL COMMENT 'unique id ใช้สำหรับเชื่อมความสัมพันธ์กับ table อื่นๆ ',
  `passport_no` varchar(15) NOT NULL COMMENT 'หมายเลขพาสปอร์ต',
  `title_id` int(11) NOT NULL COMMENT 'id คำนำหน้าชื่อ',
  `first_name` varchar(50) NOT NULL COMMENT 'ชื่อ',
  `middle_name` varchar(50) DEFAULT NULL COMMENT 'ชื่อกลาง',
  `last_name` varchar(50) NOT NULL COMMENT 'นามสกุล',
  `gender` char(1) NOT NULL COMMENT 'เพศ (M = ผู้ชาย / F = ผู้หญิง)',
  `date_of_birth` date NOT NULL COMMENT 'วันเดือนปีเกิด',
  `email` varchar(100) NOT NULL COMMENT 'อีเมล',
  `create_at` datetime NOT NULL COMMENT 'วันเดือนปีที่สร้าง record'
) ENGINE=InnoDB DEFAULT CHARSET=utf8mb4;

--
-- Dumping data for table `booking_passenger_detail`
--

INSERT INTO `booking_passenger_detail` (`id`, `passport_no`, `title_id`, `first_name`, `middle_name`, `last_name`, `gender`, `date_of_birth`, `email`, `create_at`) VALUES
(1, 'AC3891245', 3, 'Thassapan', NULL, 'Sirichoom', 'F', '1979-12-01', 'thassapan.sirichoom@gmail.com', '2022-08-20 13:00:00'),
(2, 'AC3891246', 2, 'Thitipat', NULL, 'Duangdee', 'M', '1991-07-13', 'thitipat.duangdee@gmail.com', '2022-08-23 11:00:00'),
(3, 'AC3891247', 3, 'Rujira', NULL, 'Meesong', 'F', '1981-10-10', 'rujira.meesong@gmail.com', '2022-08-23 11:00:00'),
(4, 'AC3891248', 3, 'Weerinthira', NULL, 'Promrat', 'F', '1989-01-10', 'weerinthira.promrat@gmail.com', '2022-08-23 11:00:00'),
(5, 'AC3891249', 3, 'Tigamas', NULL, 'Poonchuay', 'F', '1991-07-13', 'tigamas.poonchuay@gmail.com', '2022-08-23 11:00:00'),
(6, 'AC3891250', 2, 'Sup', NULL, 'Wittaya', 'M', '1980-01-19', 'sup.wittaya@gmail.com', '2022-08-23 11:00:00'),
(7, 'AC3891251', 2, 'Sarin', NULL, 'Thongsri', 'M', '1984-12-04', 'sarin.thongsri@gmail.com', '2022-08-23 19:00:00'),
(8, 'AC3891252', 2, 'Chindanai', NULL, 'Sornpim', 'M', '1981-01-10', 'chindanai.sornpim@gmail.com', '2022-08-23 19:00:00'),
(9, 'AC3891253', 3, 'Donlaporn', NULL, 'Udompongsuk', 'F', '1983-09-19', 'donlaporn.udompongsuk@gmail.com', '2022-08-23 19:00:00'),
(10, 'AC3891254', 2, 'Preeprem', NULL, 'Kengwinit', 'M', '1980-06-12', 'preeprem.kengwinit@gmail.com', '2022-08-31 09:00:00'),
(11, 'AC3891255', 3, 'Rinthip', NULL, 'Suebsaichol', 'F', '1979-12-01', 'rinthip.suebsaichol@gmail.com', '2022-08-31 09:00:00'),
(12, 'AC3891256', 3, 'Napasawan', NULL, 'Lannava', 'F', '1984-04-14', 'napasawan.lannava@gmail.com', '2022-08-31 09:00:00'),
(13, 'AC3891257', 2, 'Santipap', NULL, 'Seeruk', 'M', '1984-12-10', 'santipap.seeruk@gmail.com', '2022-08-31 09:00:00'),
(14, 'AC3891258', 2, 'Thanyapoon', NULL, 'Putkeaw', 'M', '1999-05-12', 'thanyapoon.putkeaw@gmail.com', '2022-08-31 09:00:00'),
(15, 'AC3891259', 3, 'Arisa', NULL, 'Thaveewatkij', 'F', '1989-01-10', 'arisa.thaveewatkij@gmail.com', '2022-08-31 10:00:00'),
(16, 'AC3891251', 2, 'Sarin', NULL, 'Rukk', 'M', '1984-12-04', 'sarin.rukk@gmail.com', '2022-09-28 09:00:00');

-- --------------------------------------------------------

--
-- Table structure for table `direction`
--

CREATE TABLE `direction` (
  `id` int(11) NOT NULL COMMENT 'unique id ใช้สำหรับเชื่อมความสัมพันธ์กับ table อื่นๆ ',
  `from_airport_id` int(11) NOT NULL COMMENT 'id สนามบินต้นทาง',
  `destination_airport_id` int(11) NOT NULL COMMENT 'id สนามบินปลายทาง',
  `distance_miles` int(11) NOT NULL COMMENT 'ระยะทางหน่วยเป็นไมล์',
  `estimate_duration` int(11) NOT NULL COMMENT 'ระยะเวลาเดินทางโดยประมาณ',
  `create_at` datetime NOT NULL COMMENT 'วันเดือนปีที่สร้าง record',
  `update_at` datetime NOT NULL COMMENT 'วันเดือนปีที่แก้ไข record'
) ENGINE=InnoDB DEFAULT CHARSET=utf8mb4;

--
-- Dumping data for table `direction`
--

INSERT INTO `direction` (`id`, `from_airport_id`, `destination_airport_id`, `distance_miles`, `estimate_duration`, `create_at`, `update_at`) VALUES
(1, 425, 378, 876, 140, '2020-01-01 12:33:45', '2020-01-01 12:33:45'),
(2, 378, 425, 876, 140, '2020-01-01 12:33:45', '2020-01-01 12:33:45'),
(3, 425, 229, 2889, 375, '2020-01-01 12:33:45', '2020-01-01 12:33:45'),
(4, 229, 425, 2889, 375, '2020-01-01 12:33:45', '2020-01-01 12:33:45'),
(5, 425, 395, 2279, 335, '2020-01-01 12:33:45', '2020-01-01 12:33:45'),
(6, 395, 425, 2279, 335, '2020-01-01 12:33:45', '2020-01-01 12:33:45'),
(7, 425, 77, 2272, 275, '2020-01-01 12:33:45', '2020-01-01 12:33:45'),
(8, 77, 425, 2272, 275, '2020-01-01 12:33:45', '2020-01-01 12:33:45'),
(9, 425, 445, 824, 100, '2020-01-01 12:33:45', '2020-01-01 12:33:45'),
(10, 445, 425, 824, 100, '2020-01-01 12:33:45', '2020-01-01 12:33:45');

-- --------------------------------------------------------

--
-- Table structure for table `discount`
--

CREATE TABLE `discount` (
  `id` int(11) NOT NULL COMMENT 'unique id ใช้สำหรับเชื่อมความสัมพันธ์กับ table อื่นๆ ',
  `schedule_id` int(11) NOT NULL COMMENT 'id กำหนดการไฟล์บิน',
  `airplane_seat_class_id` int(11) NOT NULL COMMENT 'id ชั้นโดยสาร',
  `before_hour` int(11) NOT NULL COMMENT 'จำนวนชั่วโมงก่อนถึงเวลาบิน',
  `discount_percent` int(11) NOT NULL COMMENT 'จำนวนเปอร์เซ็นส่วนลด',
  `create_at` datetime NOT NULL COMMENT 'วันเดือนปีที่สร้าง record',
  `update_at` datetime NOT NULL COMMENT 'วันเดือนปีที่แก้ไข record'
) ENGINE=InnoDB DEFAULT CHARSET=utf8mb4;

--
-- Dumping data for table `discount`
--

INSERT INTO `discount` (`id`, `schedule_id`, `airplane_seat_class_id`, `before_hour`, `discount_percent`, `create_at`, `update_at`) VALUES
(1, 1, 5, 48, 20, '2022-08-12 10:00:00', '2022-08-12 10:00:00'),
(2, 1, 4, 48, 20, '2022-08-12 10:00:00', '2022-08-12 10:00:00'),
(3, 1, 3, 48, 20, '2022-08-12 10:00:00', '2022-08-12 10:00:00'),
(4, 1, 2, 48, 14, '2022-08-12 10:00:00', '2022-08-12 10:00:00'),
(5, 1, 5, 24, 40, '2022-08-12 10:00:00', '2022-08-12 10:00:00'),
(6, 1, 4, 24, 32, '2022-08-12 10:00:00', '2022-08-12 10:00:00'),
(7, 2, 5, 720, 10, '2022-08-12 10:00:00', '2022-08-12 10:00:00'),
(8, 2, 5, 168, 50, '2022-08-12 10:00:00', '2022-08-12 10:00:00'),
(9, 3, 5, 40, 44, '2022-08-12 10:00:00', '2022-08-12 10:00:00'),
(10, 3, 5, 10, 87, '2022-08-12 10:00:00', '2022-08-12 10:00:00'),
(11, 11, 2, 48, 35, '2022-11-01 10:00:00', '2022-11-01 10:00:00');

-- --------------------------------------------------------

--
-- Table structure for table `employee`
--

CREATE TABLE `employee` (
  `id` int(11) NOT NULL COMMENT 'unique id ใช้สำหรับเชื่อมความสัมพันธ์กับ table อื่นๆ ',
  `eid` char(6) NOT NULL COMMENT 'รหัสพนักงาน',
  `idcard` char(13) NOT NULL COMMENT 'หมายเลขบัตรประชาชน',
  `passport_no` varchar(15) NOT NULL COMMENT 'หมายเลขพาสปอร์ต',
  `title_id` int(11) NOT NULL COMMENT 'id คำนำหน้าชื่อ',
  `first_name` varchar(50) NOT NULL COMMENT 'ชื่อ',
  `middle_name` varchar(50) DEFAULT NULL COMMENT 'ชื่อกลาง',
  `last_name` varchar(50) NOT NULL COMMENT 'นามสกุล',
  `gender` char(1) NOT NULL COMMENT 'เพศ (M = ผู้ชาย / F = ผู้หญิง)',
  `date_of_birth` date NOT NULL COMMENT 'วันเดือนปีเกิด',
  `create_at` datetime NOT NULL COMMENT 'วันเดือนปีที่สร้าง record',
  `update_at` datetime NOT NULL COMMENT 'วันเดือนปีที่แก้ไข record'
) ENGINE=InnoDB DEFAULT CHARSET=utf8mb4;

--
-- Dumping data for table `employee`
--

INSERT INTO `employee` (`id`, `eid`, `idcard`, `passport_no`, `title_id`, `first_name`, `middle_name`, `last_name`, `gender`, `date_of_birth`, `create_at`, `update_at`) VALUES
(1, '630001', '1100704052111', 'AC2478932', 2, 'Theeraphong', NULL, 'Pongpatcharasak', 'M', '1980-01-14', '2020-01-01 12:33:45', '2020-01-01 12:33:45'),
(2, '630002', '1100704096754', 'AC2478933', 3, 'Kunthida', NULL, 'Sommanuswongwanich', 'F', '1982-03-19', '2020-01-01 12:33:45', '2020-01-01 12:33:45'),
(3, '630003', '1103000224006', 'AC2478934', 3, 'Lakkhana', NULL, 'Arthitwarakull', 'F', '1979-06-23', '2020-01-01 12:33:45', '2020-01-01 12:33:45'),
(4, '630004', '1102004087371', 'AC2478935', 2, 'Anon', NULL, 'Tulyavilaikul', 'M', '1981-03-13', '2020-01-01 12:33:45', '2020-01-01 12:33:45'),
(5, '630005', '1104301179779', 'AC2478936', 2, 'Phusawat', NULL, 'Kaewbangpood', 'M', '1981-01-10', '2020-01-01 12:33:45', '2020-01-01 12:33:45'),
(6, '630006', '1102004013653', 'AC2478937', 2, 'Suphajira', NULL, 'Chummongkhon', 'M', '1983-09-19', '2020-01-01 12:33:45', '2020-01-01 12:33:45'),
(7, '630007', '1100600561523', 'AC2478938', 2, 'Teerasak', NULL, 'Pattamaporn', 'M', '1980-06-12', '2020-01-01 12:33:45', '2020-01-01 12:33:45'),
(8, '640001', '1100704076583', 'AC2478939', 2, 'Pakapong', NULL, 'Chumkong', 'M', '1985-11-11', '2021-01-01 12:33:45', '2021-01-01 12:33:45'),
(9, '640002', '1101700450228', 'AC2478940', 4, 'Sirilak', NULL, 'Punthong', 'F', '1979-12-01', '2021-01-01 12:33:45', '2021-01-01 12:33:45'),
(10, '640003', '1101700463478', 'AC2478941', 3, 'Weeranada', NULL, 'Sirimasakun', 'F', '1984-04-14', '2021-01-01 12:33:45', '2021-01-01 12:33:45'),
(11, '640004', '1800400226171', 'AC2478942', 3, 'Thaneepan', NULL, 'Kongprasertpol', 'F', '1990-02-19', '2021-01-01 12:33:45', '2021-01-01 12:33:45'),
(12, '640005', '1103400150361', 'AC2478943', 2, 'Kritsaphon', NULL, 'Chaichanalert', 'M', '1981-10-10', '2021-01-01 12:33:45', '2021-01-01 12:33:45'),
(13, '640006', '1104700191756', 'AC2478944', 2, 'Thananun', NULL, 'Aphirattanapanich', 'M', '1989-01-10', '2021-01-01 12:33:45', '2021-01-01 12:33:45'),
(14, '640007', '1102200278541', 'AC2478945', 2, 'Kittisak', NULL, 'Jatuchokudom', 'M', '1991-07-13', '2021-01-01 12:33:45', '2021-01-01 12:33:45'),
(15, '640008', '1100401470579', 'AC2478946', 2, 'Pitiwat', NULL, 'Wichianchan', 'M', '1980-01-19', '2021-01-01 12:33:45', '2021-01-01 12:33:45'),
(16, '650001', '1103400168651', 'AC2478947', 2, 'Paritat', NULL, 'Chaowchalermgul', 'M', '1984-12-04', '2022-01-01 12:33:45', '2022-01-01 12:33:45'),
(17, '650002', '1103900273666', 'AC2478948', 3, 'Yosita', NULL, 'Ngampojjanawong', 'F', '1981-01-10', '2022-01-01 12:33:45', '2022-01-01 12:33:45'),
(18, '650003', '1100704057554', 'AC2478949', 3, 'Chayanis', NULL, 'Tengapichart', 'F', '1983-09-19', '2022-01-01 12:33:45', '2022-01-01 12:33:45'),
(19, '650004', '1101700473732', 'AC2478950', 3, 'Kitayaporn', NULL, 'Khaegajang', 'F', '1980-06-12', '2022-01-01 12:33:45', '2022-01-01 12:33:45'),
(20, '650005', '1939900153898', 'AC2478951', 2, 'Prin', NULL, 'Rukdatabase', 'M', '1989-01-10', '2022-01-01 12:33:45', '2022-11-21 12:30:53');

-- --------------------------------------------------------

--
-- Table structure for table `employee_hire_log`
--

CREATE TABLE `employee_hire_log` (
  `id` int(11) NOT NULL COMMENT 'unique id ใช้สำหรับเชื่อมความสัมพันธ์กับ table อื่นๆ ',
  `employee_id` int(11) NOT NULL COMMENT 'id พนักงาน',
  `employee_position_id` int(11) NOT NULL COMMENT 'id ของตำแหน่งงาน',
  `start_date` date NOT NULL COMMENT 'วันเดือนปีเริ่มต้นการทำงาน',
  `end_date` date DEFAULT NULL COMMENT 'วันเดือนปีสิ้นสุดการทำงาน',
  `create_at` datetime NOT NULL COMMENT 'วันเดือนปีที่สร้าง record',
  `update_at` datetime NOT NULL COMMENT 'วันเดือนปีที่แก้ไข record'
) ENGINE=InnoDB DEFAULT CHARSET=utf8mb4;

--
-- Dumping data for table `employee_hire_log`
--

INSERT INTO `employee_hire_log` (`id`, `employee_id`, `employee_position_id`, `start_date`, `end_date`, `create_at`, `update_at`) VALUES
(1, 1, 1, '2020-01-01', NULL, '2020-01-01 12:33:45', '2020-01-01 12:33:45'),
(2, 2, 2, '2020-01-01', '2020-12-31', '2020-01-01 12:33:45', '2020-12-15 10:00:00'),
(3, 3, 3, '2020-01-01', NULL, '2020-01-01 12:33:45', '2020-01-01 12:33:45'),
(4, 4, 3, '2020-01-01', NULL, '2020-01-01 12:33:45', '2020-01-01 12:33:45'),
(5, 5, 3, '2020-01-01', NULL, '2020-01-01 12:33:45', '2020-01-01 12:33:45'),
(6, 6, 3, '2020-01-01', NULL, '2020-01-01 12:33:45', '2020-01-01 12:33:45'),
(7, 7, 4, '2020-01-01', NULL, '2020-01-01 12:33:45', '2020-01-01 12:33:45'),
(8, 8, 2, '2021-01-01', '2021-12-31', '2021-01-01 12:33:45', '2021-12-15 10:00:00'),
(9, 9, 2, '2021-01-01', '2021-12-31', '2021-01-01 12:33:45', '2021-12-15 10:00:00'),
(10, 2, 1, '2021-01-01', NULL, '2020-12-15 10:00:00', '2020-12-15 10:00:00'),
(11, 10, 3, '2021-01-01', NULL, '2021-01-01 12:33:45', '2021-01-01 12:33:45'),
(12, 11, 3, '2021-01-01', NULL, '2021-01-01 12:33:45', '2021-01-01 12:33:45'),
(13, 12, 3, '2021-01-01', NULL, '2021-01-01 12:33:45', '2021-01-01 12:33:45'),
(14, 13, 3, '2021-01-01', NULL, '2021-01-01 12:33:45', '2021-01-01 12:33:45'),
(15, 14, 5, '2021-01-01', NULL, '2021-01-01 12:33:45', '2021-01-01 12:33:45'),
(16, 15, 5, '2021-01-01', NULL, '2021-01-01 12:33:45', '2021-01-01 12:33:45'),
(17, 8, 1, '2022-01-01', NULL, '2021-12-15 10:00:00', '2021-12-15 10:00:00'),
(18, 9, 1, '2022-01-01', NULL, '2021-12-15 10:00:00', '2021-12-15 10:00:00'),
(19, 16, 2, '2022-01-01', NULL, '2022-01-01 12:33:45', '2022-01-01 12:33:45'),
(20, 17, 2, '2022-01-01', NULL, '2022-01-01 12:33:45', '2022-01-01 12:33:45'),
(21, 18, 2, '2022-01-01', NULL, '2022-01-01 12:33:45', '2022-01-01 12:33:45'),
(22, 19, 2, '2022-01-01', NULL, '2022-01-01 12:33:45', '2022-01-01 12:33:45'),
(23, 20, 4, '2022-01-01', '2022-11-23', '2022-01-01 12:33:45', '2022-01-01 12:33:45');

-- --------------------------------------------------------

--
-- Table structure for table `employee_position`
--

CREATE TABLE `employee_position` (
  `id` int(11) NOT NULL COMMENT 'unique id ใช้สำหรับเชื่อมความสัมพันธ์กับ table อื่นๆ ',
  `title` varchar(50) NOT NULL COMMENT 'ชื่อตำแหน่งงาน เช่น นักบิน พนักงานบนเครื่องบิน',
  `create_at` datetime NOT NULL COMMENT 'วันเดือนปีที่สร้าง record',
  `update_at` datetime NOT NULL COMMENT 'วันเดือนปีที่แก้ไข record'
) ENGINE=InnoDB DEFAULT CHARSET=utf8mb4;

--
-- Dumping data for table `employee_position`
--

INSERT INTO `employee_position` (`id`, `title`, `create_at`, `update_at`) VALUES
(1, 'Pilot', '2020-01-01 12:33:45', '2020-01-01 12:33:45'),
(2, 'Co-Pilot', '2020-01-01 12:33:45', '2020-01-01 12:33:45'),
(3, 'Flight Attendant', '2020-01-01 12:33:45', '2020-01-01 12:33:45'),
(4, 'Airline Ticket Agent', '2020-01-01 12:33:45', '2020-01-01 12:33:45'),
(5, 'Ground Attendant', '2020-01-01 12:33:45', '2020-01-01 12:33:45');

-- --------------------------------------------------------

--
-- Table structure for table `employee_salary_log`
--

CREATE TABLE `employee_salary_log` (
  `id` int(11) NOT NULL COMMENT 'unique id ใช้สำหรับเชื่อมความสัมพันธ์กับ table อื่นๆ ',
  `employee_id` int(11) NOT NULL COMMENT 'id พนักงาน',
  `salary_log_type_id` int(11) NOT NULL COMMENT 'id ประเภทเงินที่ได้รับ',
  `amount_baht` decimal(10,2) NOT NULL COMMENT 'จำนวนเงิน',
  `start_date` date NOT NULL COMMENT 'วันเดือนปีเริ่มต้นรับเงิน',
  `end_date` date DEFAULT NULL COMMENT 'วันเดือนปีสิ้นสุดรับเงิน',
  `create_at` datetime NOT NULL COMMENT 'วันเดือนปีที่สร้าง record',
  `update_at` datetime NOT NULL COMMENT 'วันเดือนปีที่แก้ไข record'
) ENGINE=InnoDB DEFAULT CHARSET=utf8mb4;

--
-- Dumping data for table `employee_salary_log`
--

INSERT INTO `employee_salary_log` (`id`, `employee_id`, `salary_log_type_id`, `amount_baht`, `start_date`, `end_date`, `create_at`, `update_at`) VALUES
(1, 1, 1, '50000.00', '2020-01-01', NULL, '2020-01-01 12:33:45', '2020-01-01 12:33:45'),
(2, 2, 1, '40000.00', '2020-01-01', '2020-12-31', '2020-01-01 12:33:45', '2020-12-15 10:00:00'),
(3, 3, 1, '30000.00', '2020-01-01', NULL, '2020-01-01 12:33:45', '2020-01-01 12:33:45'),
(4, 4, 1, '30000.00', '2020-01-01', NULL, '2020-01-01 12:33:45', '2020-01-01 12:33:45'),
(5, 5, 1, '30000.00', '2020-01-01', NULL, '2020-01-01 12:33:45', '2020-01-01 12:33:45'),
(6, 6, 1, '30000.00', '2020-01-01', NULL, '2020-01-01 12:33:45', '2020-01-01 12:33:45'),
(7, 7, 1, '25000.00', '2020-01-01', NULL, '2020-01-01 12:33:45', '2020-01-01 12:33:45'),
(8, 7, 2, '1000.00', '2020-02-01', '2020-02-01', '2020-02-01 18:00:00', '2020-02-01 18:00:00'),
(9, 7, 2, '2000.00', '2020-06-10', '2020-06-10', '2020-06-10 18:00:00', '2020-06-10 18:00:00'),
(10, 2, 3, '15000.00', '2020-10-01', '2020-10-30', '2020-10-15 10:00:00', '2020-10-15 10:00:00'),
(11, 8, 1, '40000.00', '2021-01-01', '2021-12-31', '2021-01-01 12:33:45', '2021-12-15 10:00:00'),
(12, 9, 1, '40000.00', '2021-01-01', '2021-12-31', '2021-01-01 12:33:45', '2021-12-15 10:00:00'),
(13, 2, 1, '50000.00', '2021-01-01', NULL, '2020-12-15 10:00:00', '2020-12-15 10:00:00'),
(14, 10, 1, '30000.00', '2021-01-01', NULL, '2021-01-01 12:33:45', '2021-01-01 12:33:45'),
(15, 11, 1, '30000.00', '2021-01-01', NULL, '2021-01-01 12:33:45', '2021-01-01 12:33:45'),
(16, 12, 1, '30000.00', '2021-01-01', NULL, '2021-01-01 12:33:45', '2021-01-01 12:33:45'),
(17, 13, 1, '30000.00', '2021-01-01', NULL, '2021-01-01 12:33:45', '2021-01-01 12:33:45'),
(18, 14, 1, '25000.00', '2021-01-01', NULL, '2021-01-01 12:33:45', '2021-01-01 12:33:45'),
(19, 15, 1, '25000.00', '2021-01-01', NULL, '2021-01-01 12:33:45', '2021-01-01 12:33:45'),
(20, 8, 1, '50000.00', '2022-01-01', NULL, '2021-12-15 10:00:00', '2021-12-15 10:00:00'),
(21, 9, 1, '50000.00', '2022-01-01', NULL, '2021-12-15 10:00:00', '2021-12-15 10:00:00'),
(22, 16, 1, '40000.00', '2022-01-01', NULL, '2022-01-01 12:33:45', '2022-01-01 12:33:45'),
(23, 17, 1, '40000.00', '2022-01-01', NULL, '2022-01-01 12:33:45', '2022-01-01 12:33:45'),
(24, 18, 1, '40000.00', '2022-01-01', NULL, '2022-01-01 12:33:45', '2022-01-01 12:33:45'),
(25, 19, 1, '40000.00', '2022-01-01', '2022-11-30', '2022-01-01 12:33:45', '2022-01-01 12:33:45'),
(26, 20, 1, '25000.00', '2022-01-01', NULL, '2022-01-01 12:33:45', '2022-01-01 12:33:45');

-- --------------------------------------------------------

--
-- Table structure for table `employee_salary_log_type`
--

CREATE TABLE `employee_salary_log_type` (
  `id` int(11) NOT NULL COMMENT 'unique id ใช้สำหรับเชื่อมความสัมพันธ์กับ table อื่นๆ ',
  `title` varchar(20) NOT NULL COMMENT 'ชื่อประเภทเงินที่ได้รับ เช่น เงินเดือน OT',
  `create_at` datetime NOT NULL COMMENT 'วันเดือนปีที่สร้าง record',
  `update_at` datetime NOT NULL COMMENT 'วันเดือนปีที่แก้ไข record'
) ENGINE=InnoDB DEFAULT CHARSET=utf8mb4;

--
-- Dumping data for table `employee_salary_log_type`
--

INSERT INTO `employee_salary_log_type` (`id`, `title`, `create_at`, `update_at`) VALUES
(1, 'Salary', '2020-01-01 12:33:45', '2020-01-01 12:33:45'),
(2, 'Overtime', '2020-01-01 12:33:45', '2020-01-01 12:33:45'),
(3, 'Bonus', '2020-01-01 12:33:45', '2020-01-01 12:33:45');

-- --------------------------------------------------------

--
-- Table structure for table `member`
--

CREATE TABLE `member` (
  `id` int(11) NOT NULL COMMENT 'unique id ใช้สำหรับเชื่อมความสัมพันธ์กับ table อื่นๆ ',
  `first_name` varchar(50) NOT NULL COMMENT 'ชื่อ',
  `middle_name` varchar(50) DEFAULT NULL COMMENT 'ชื่อกลาง',
  `last_name` varchar(50) NOT NULL COMMENT 'นามสกุล',
  `gender` char(1) NOT NULL COMMENT 'เพศ (M = ผู้ชาย / F = ผู้หญิง)',
  `date_of_birth` date NOT NULL COMMENT 'วันเดือนปีเกิด',
  `tel` varchar(20) NOT NULL COMMENT 'เบอร์โทรติดต่อ (2 country code + phone number)',
  `email` varchar(100) NOT NULL COMMENT 'อีเมล',
  `password` varchar(200) NOT NULL COMMENT 'รหัสผ่านแบบเข้ารหัส',
  `create_at` datetime NOT NULL COMMENT 'วันเดือนปีที่สร้าง record',
  `update_at` datetime NOT NULL COMMENT 'วันเดือนปีที่แก้ไข record'
) ENGINE=InnoDB DEFAULT CHARSET=utf8mb4;

--
-- Dumping data for table `member`
--

INSERT INTO `member` (`id`, `first_name`, `middle_name`, `last_name`, `gender`, `date_of_birth`, `tel`, `email`, `password`, `create_at`, `update_at`) VALUES
(1, 'Panchanok', NULL, 'Benjanaphongsaphat', 'F', '1985-11-11', '66802550082', 'panchanok.benjanaphongsaphat@gmail.com', '$2a$10$P7k/Nj90YWtRJ5F5p6F8B.H4DurMOswfFjsJ842Nqh0x9EKW9FiBK', '2020-01-01 12:33:45', '2020-01-01 12:33:45'),
(2, 'Thassapan', NULL, 'Sirichoom', 'F', '1979-12-01', '66812088176', 'thassapan.sirichoom@gmail.com', '$2a$09$HG.4rbfgNrVoAmh46R2.9uytYUEN4/OiIiAKFPBZ8b69FGDzk1ctq', '2020-01-01 12:33:46', '2020-01-01 12:33:46'),
(3, 'Nichakarn', NULL, 'Chaipanich', 'F', '1984-04-14', '66815873097', 'nichakarn.chaipanich@gmail.com', '$2a$08$Sxh.UR6/ufpdtwwe4LVtpeU09w5SuSn3ikl4/iCNB/BAEFWZmAxQe', '2020-01-01 12:33:47', '2020-01-01 12:33:47'),
(4, 'Thanathorn', NULL, 'Kawahara', 'M', '1990-02-19', '66818200395', 'thanathorn.kawahara@gmail.com', '$2a$07$mZUBnOnbC.mWcSzIRMVPF.YopQuq4GQvR/DaiFEc8B4/x9kwVmmZC', '2020-01-01 12:33:48', '2020-01-01 12:33:48'),
(5, 'Natsahzi', NULL, 'Anukul', 'F', '1981-10-10', '66819095947', 'natsahzi.anukul@gmail.com', '$2a$06$fJbFHX987JDL7eaURXxJa.5549obOMt3fhzAVUupxIgf0m87t/QE2', '2020-01-01 12:33:49', '2020-01-01 12:33:49'),
(6, 'Natchanok', NULL, 'Watsooksunti', 'F', '1989-01-10', '66827083017', 'natchanok.watsooksunti@gmail.com', '$2a$05$A4zpeqOVT/S4egn7WwAOteaZgpQEp3J4fltWFmn1uIfmmXwcDSyP6', '2020-01-01 12:33:50', '2020-01-01 12:33:50'),
(7, 'Thitipat', NULL, 'Duangdee', 'M', '1991-07-13', '66829930096', 'thitipat.duangdee@gmail.com', '$2a$04$MTn13b7tjGlER4S6MK.xQOdPo05NG1GdLDLpX3d4mtTHwrKm9emKS', '2020-01-01 12:33:51', '2020-01-01 12:33:51'),
(8, 'Weerarit', NULL, 'Sangwithayanon', 'M', '1980-01-19', '66829930149', 'weerarit.sangwithayanon@gmail.com', '$2a$04$78HVAs8LGdkZzp9vgNDSKey3GB1seSvkYX/bIlkSiOlGSKCyF8AiC', '2020-01-01 12:33:52', '2020-01-01 12:33:52'),
(9, 'Narada', NULL, 'Graipatarakul', 'F', '1984-12-04', '66829930318', 'narada.graipatarakul@gmail.com', '$2a$04$JPb0oiq3uz8ZSNHVoE53Ye7lwyj9.WRmQ/34WZT0YvabVxrpEuzXm', '2020-01-01 12:33:53', '2020-01-01 12:33:53'),
(10, 'Asimon', NULL, 'Poonsiri', 'F', '1981-01-10', '66829930426', 'asimon.poonsiri@gmail.com', '$2a$04$9F8LW5lUqhJqfeOi.4nRvO67YMMqPR3J0CkDxSx1YGrTZCoDg8Maq', '2020-01-01 12:33:54', '2020-01-01 12:33:54'),
(11, 'Kan', NULL, 'Charoenpol', 'M', '1983-09-19', '66829930516', 'kan.charoenpol@gmail.com', '$2a$04$lOQ2o.O2NYvW3EX8MdycFOOwiCoU2Nh2kovD0zy9KXvYyAyrjmg/S', '2020-01-01 12:33:55', '2020-01-01 12:33:55'),
(12, 'Chanyathon', NULL, 'Summasub', 'M', '1980-06-12', '66829930581', 'chanyathon.summasub@gmail.com', '$2a$04$lbJW3wq7ddhST/0f9R2C/e5naoPiKKBzTZvlvxkmlbjplUG3tpyCC', '2020-01-01 12:33:56', '2020-01-01 12:33:56'),
(13, 'Arisa', NULL, 'Thaveewatkij', 'F', '1989-01-10', '66829930604', 'arisa.thaveewatkij@gmail.com', '$2a$04$pR8IZJkWYFa2ISyYsInsve/HBfbfwPw2s8NBG2rFuL9SfGW3//Ica', '2020-01-01 12:33:57', '2020-01-01 12:33:57'),
(14, 'Thanyapoon', NULL, 'Putkeaw', 'M', '1999-05-12', '66829930865', 'thanyapoon.putkeaw@gmail.com', '$2a$05$zpWjfN3vC5grRhusTwu1k.oqjZvxXXGDCgv0wCOZUlBqgDzm3AWU2', '2020-01-01 12:33:58', '2020-01-01 12:33:58'),
(15, 'Parinya', NULL, 'Termkasipanich', 'M', '2002-11-09', '66871189903', 'parinya.prin@g.swu.ac.th', '$2a$07$mZUBnOnbC.mWcSzIRMVPF.YopQuq4GQvR/DaiFEc8B4/x9kwVmmZC', '2022-11-21 12:24:28', '2022-11-21 12:24:28');

-- --------------------------------------------------------

--
-- Table structure for table `passenger_bag`
--

CREATE TABLE `passenger_bag` (
  `id` int(11) NOT NULL COMMENT 'unique id ใช้สำหรับเชื่อมความสัมพันธ์กับ table อื่นๆ ',
  `booking_id` int(11) NOT NULL COMMENT 'id การจอง',
  `bag_weight` decimal(10,2) NOT NULL COMMENT 'น้ำหนักกระเป๋าที่โหลด',
  `create_at` datetime NOT NULL COMMENT 'วันเดือนปีที่สร้าง record',
  `update_at` datetime NOT NULL COMMENT 'วันเดือนปีที่แก้ไข record'
) ENGINE=InnoDB DEFAULT CHARSET=utf8mb4;

--
-- Dumping data for table `passenger_bag`
--

INSERT INTO `passenger_bag` (`id`, `booking_id`, `bag_weight`, `create_at`, `update_at`) VALUES
(1, 1, '15.15', '2022-09-01 01:00:00', '2022-09-01 01:00:00'),
(2, 1, '12.40', '2022-09-01 01:00:01', '2022-09-01 01:00:01'),
(3, 15, '29.50', '2022-09-01 01:10:02', '2022-09-01 01:10:02'),
(4, 2, '18.40', '2022-09-01 01:20:00', '2022-09-01 01:20:00'),
(5, 3, '16.30', '2022-09-01 01:20:00', '2022-09-01 01:20:00'),
(6, 4, '19.20', '2022-09-01 01:20:00', '2022-09-01 01:20:00'),
(7, 5, '14.70', '2022-09-01 01:20:00', '2022-09-01 01:20:00'),
(8, 6, '13.90', '2022-09-01 01:20:00', '2022-09-01 01:20:00'),
(9, 7, '19.90', '2022-09-01 01:20:00', '2022-09-01 01:20:00'),
(10, 8, '11.50', '2022-09-01 01:20:00', '2022-09-01 01:20:00'),
(11, 9, '18.90', '2022-09-01 01:20:00', '2022-09-01 01:20:00'),
(12, 10, '16.60', '2022-09-01 01:20:00', '2022-09-01 01:20:00'),
(13, 11, '17.40', '2022-09-01 01:20:00', '2022-09-01 01:20:00'),
(14, 12, '10.60', '2022-09-01 01:20:00', '2022-09-01 01:20:00'),
(15, 13, '13.00', '2022-09-01 01:20:00', '2022-09-01 01:20:00');

-- --------------------------------------------------------

--
-- Table structure for table `passenger_log`
--

CREATE TABLE `passenger_log` (
  `id` int(11) NOT NULL COMMENT 'unique id ใช้สำหรับเชื่อมความสัมพันธ์กับ table อื่นๆ ',
  `booking_id` int(11) NOT NULL COMMENT 'id การจอง',
  `passenger_log_status_id` int(11) NOT NULL COMMENT 'สถานะขั้นตอนการขึ้นเครื่อง',
  `create_at` datetime NOT NULL COMMENT 'วันเดือนปีที่สร้าง record',
  `update_at` datetime NOT NULL COMMENT 'วันเดือนปีที่แก้ไข record'
) ENGINE=InnoDB DEFAULT CHARSET=utf8mb4;

--
-- Dumping data for table `passenger_log`
--

INSERT INTO `passenger_log` (`id`, `booking_id`, `passenger_log_status_id`, `create_at`, `update_at`) VALUES
(1, 1, 1, '2022-09-01 01:00:00', '2022-09-01 01:00:00'),
(2, 15, 1, '2022-09-01 01:10:02', '2022-09-01 01:10:02'),
(3, 2, 1, '2022-09-01 01:20:00', '2022-09-01 01:20:00'),
(4, 3, 1, '2022-09-01 01:20:00', '2022-09-01 01:20:00'),
(5, 4, 1, '2022-09-01 01:20:00', '2022-09-01 01:20:00'),
(6, 5, 1, '2022-09-01 01:20:00', '2022-09-01 01:20:00'),
(7, 6, 1, '2022-09-01 01:20:00', '2022-09-01 01:20:00'),
(8, 7, 1, '2022-09-01 01:20:00', '2022-09-01 01:20:00'),
(9, 8, 1, '2022-09-01 01:20:00', '2022-09-01 01:20:00'),
(10, 9, 1, '2022-09-01 01:20:00', '2022-09-01 01:20:00'),
(11, 10, 1, '2022-09-01 01:20:00', '2022-09-01 01:20:00'),
(12, 11, 1, '2022-09-01 01:20:00', '2022-09-01 01:20:00'),
(13, 12, 1, '2022-09-01 01:20:00', '2022-09-01 01:20:00'),
(14, 13, 1, '2022-09-01 01:20:00', '2022-09-01 01:20:00'),
(15, 5, 2, '2022-09-01 04:00:00', '2022-09-01 04:00:00'),
(16, 6, 2, '2022-09-01 04:00:00', '2022-09-01 04:00:00'),
(17, 11, 2, '2022-09-01 04:00:00', '2022-09-01 04:00:00'),
(18, 12, 2, '2022-09-01 04:00:00', '2022-09-01 04:00:00'),
(19, 13, 2, '2022-09-01 04:00:00', '2022-09-01 04:00:00'),
(20, 7, 2, '2022-09-01 04:00:00', '2022-09-01 04:00:00'),
(21, 8, 2, '2022-09-01 04:15:00', '2022-09-01 04:15:00'),
(22, 9, 2, '2022-09-01 04:15:00', '2022-09-01 04:15:00'),
(23, 10, 2, '2022-09-01 04:15:00', '2022-09-01 04:15:00'),
(24, 1, 2, '2022-09-01 04:15:00', '2022-09-01 04:15:00'),
(25, 15, 2, '2022-09-01 04:15:00', '2022-09-01 04:15:00'),
(26, 2, 2, '2022-09-01 04:15:00', '2022-09-01 04:15:00'),
(27, 3, 2, '2022-09-01 04:46:00', '2022-09-01 04:46:00'),
(28, 4, 2, '2022-09-01 04:46:00', '2022-09-01 04:46:00');

-- --------------------------------------------------------

--
-- Table structure for table `passenger_log_status`
--

CREATE TABLE `passenger_log_status` (
  `id` int(11) NOT NULL COMMENT 'unique id ใช้สำหรับเชื่อมความสัมพันธ์กับ table อื่นๆ ',
  `title` varchar(20) NOT NULL COMMENT 'สถานะขั้นตอนการขึ้นเครื่อง เช่น checkin, boarded',
  `create_at` datetime NOT NULL COMMENT 'วันเดือนปีที่สร้าง record',
  `update_at` datetime NOT NULL COMMENT 'วันเดือนปีที่แก้ไข record'
) ENGINE=InnoDB DEFAULT CHARSET=utf8mb4;

--
-- Dumping data for table `passenger_log_status`
--

INSERT INTO `passenger_log_status` (`id`, `title`, `create_at`, `update_at`) VALUES
(1, 'checkin', '2020-01-01 12:33:45', '2020-01-01 12:33:45'),
(2, 'boarded', '2020-01-01 12:33:45', '2020-01-01 12:33:45');

-- --------------------------------------------------------

--
-- Table structure for table `payment`
--

CREATE TABLE `payment` (
  `id` int(11) NOT NULL COMMENT 'unique id ใช้สำหรับเชื่อมความสัมพันธ์กับ table อื่นๆ ',
  `booking_reference_code` varchar(10) NOT NULL COMMENT 'รหัสอ้างอิงการจอง',
  `payment_method_id` int(11) NOT NULL COMMENT 'id วิธีการชำระเงิน',
  `amount` decimal(10,2) NOT NULL COMMENT 'ยอดที่ชำระรวม',
  `create_at` datetime NOT NULL COMMENT 'วันเดือนปีที่สร้าง record',
  `update_at` datetime NOT NULL COMMENT 'วันเดือนปีที่แก้ไข record'
) ENGINE=InnoDB DEFAULT CHARSET=utf8mb4;

--
-- Dumping data for table `payment`
--

INSERT INTO `payment` (`id`, `booking_reference_code`, `payment_method_id`, `amount`, `create_at`, `update_at`) VALUES
(1, 'kcTW1z9oW2', 4, '21120.00', '2022-08-20 14:00:00', '2022-08-20 14:00:00'),
(2, 'A2y34LlpCp', 4, '70560.00', '2022-08-23 11:10:00', '2022-08-23 11:10:00'),
(3, '5FstlXHuq4', 4, '37080.00', '2022-08-23 19:02:00', '2022-08-23 19:02:00'),
(4, 'w9lAQkxGhD', 1, '37316.16', '2022-08-31 09:01:00', '2022-08-31 09:01:00'),
(5, '7VG3Mk1qQP', 3, '18667.20', '2022-08-31 10:01:50', '2022-08-31 10:01:50');

-- --------------------------------------------------------

--
-- Table structure for table `payment_method`
--

CREATE TABLE `payment_method` (
  `id` int(11) NOT NULL COMMENT 'unique id ใช้สำหรับเชื่อมความสัมพันธ์กับ table อื่นๆ ',
  `name` varchar(20) NOT NULL COMMENT 'วิธีการชำระเงิน เช่น เงินสด บัตรเครดิต โอนเงิน',
  `create_at` datetime NOT NULL COMMENT 'วันเดือนปีที่สร้าง record',
  `update_at` datetime NOT NULL COMMENT 'วันเดือนปีที่แก้ไข record'
) ENGINE=InnoDB DEFAULT CHARSET=utf8mb4;

--
-- Dumping data for table `payment_method`
--

INSERT INTO `payment_method` (`id`, `name`, `create_at`, `update_at`) VALUES
(1, 'Cash', '2020-01-01 12:33:45', '2020-01-01 12:33:45'),
(2, 'Checks', '2020-01-01 12:33:45', '2020-01-01 12:33:45'),
(3, 'Debit cards', '2020-01-01 12:33:45', '2020-01-01 12:33:45'),
(4, 'Credit cards', '2020-01-01 12:33:45', '2020-01-01 12:33:45');

-- --------------------------------------------------------

--
-- Table structure for table `schedule`
--

CREATE TABLE `schedule` (
  `id` int(11) NOT NULL COMMENT 'unique id ใช้สำหรับเชื่อมความสัมพันธ์กับ table อื่นๆ ',
  `flight_code` char(5) NOT NULL COMMENT 'หมายเลขไฟล์บิน',
  `direction_id` int(11) NOT NULL COMMENT 'id เส้นทางการบิน',
  `airplane_id` int(11) NOT NULL COMMENT 'id เครื่องบิน',
  `departure_datetime_gmt` datetime NOT NULL COMMENT 'วันเดือนปีออกเดินทาง',
  `from_gate` varchar(5) DEFAULT NULL COMMENT 'gate สนามบินต้นทาง',
  `destination_gate` varchar(5) DEFAULT NULL COMMENT 'gate สนามบินปลายทาง',
  `confirm_departure_datetime_gmt` datetime DEFAULT NULL COMMENT 'วันเดือนปีออกเดินทาง แบบยืนยันหลังขึ้นบิน',
  `confirm_duration` int(11) DEFAULT NULL COMMENT 'ระยะเวลาเดินทาง แบบยืนยันหลังถึงที่ปลายทาง',
  `schedule_status_id` int(11) NOT NULL COMMENT 'id สถานะไฟล์บิน',
  `create_at` datetime NOT NULL COMMENT 'วันเดือนปีที่สร้าง record',
  `update_at` datetime NOT NULL COMMENT 'วันเดือนปีที่แก้ไข record'
) ENGINE=InnoDB DEFAULT CHARSET=utf8mb4;

--
-- Dumping data for table `schedule`
--

INSERT INTO `schedule` (`id`, `flight_code`, `direction_id`, `airplane_id`, `departure_datetime_gmt`, `from_gate`, `destination_gate`, `confirm_departure_datetime_gmt`, `confirm_duration`, `schedule_status_id`, `create_at`, `update_at`) VALUES
(1, 'PT001', 1, 9, '2022-09-01 05:00:00', 'D1', 'C14', '2022-09-01 05:10:00', 150, 1, '2022-08-12 10:00:00', '2022-08-12 10:00:00'),
(2, 'PT002', 2, 9, '2022-09-01 09:00:00', 'A21', 'F5', '2022-09-01 09:07:00', 132, 1, '2022-08-12 10:00:00', '2022-08-12 10:00:00'),
(3, 'PT003', 1, 9, '2022-09-01 13:00:00', 'F3', 'E27', '2022-09-01 13:00:00', 170, 1, '2022-08-12 10:00:00', '2022-08-12 10:00:00'),
(4, 'PT004', 2, 9, '2022-09-01 17:00:00', 'A11', 'F6', '2022-09-01 17:00:00', 140, 1, '2022-08-12 10:00:00', '2022-08-12 10:00:00'),
(5, 'PT005', 3, 3, '2022-09-02 06:30:00', 'E8', '172', NULL, NULL, 1, '2022-08-12 10:00:00', '2022-08-12 10:00:00'),
(6, 'PT006', 4, 3, '2022-09-02 15:00:00', '163', 'E7', NULL, NULL, 1, '2022-08-12 10:00:00', '2022-08-12 10:00:00'),
(7, 'PT007', 5, 4, '2022-09-03 07:00:00', NULL, NULL, NULL, NULL, 1, '2022-08-12 10:00:00', '2022-08-12 10:00:00'),
(8, 'PT008', 6, 4, '2022-09-03 14:00:00', NULL, NULL, NULL, NULL, 1, '2022-08-12 10:00:00', '2022-08-12 10:00:00'),
(9, 'PT009', 7, 10, '2022-09-04 20:00:00', NULL, NULL, NULL, NULL, 2, '2022-08-12 10:00:00', '2022-08-12 10:00:00'),
(10, 'PT010', 8, 10, '2022-09-04 02:00:00', NULL, NULL, NULL, NULL, 2, '2022-08-12 10:00:00', '2022-08-12 10:00:00'),
(11, 'PT004', 2, 9, '2022-11-26 17:00:00', NULL, NULL, NULL, NULL, 1, '2022-08-12 10:00:00', '2022-08-12 10:00:00');

-- --------------------------------------------------------

--
-- Table structure for table `schedule_employee_plan`
--

CREATE TABLE `schedule_employee_plan` (
  `id` int(11) NOT NULL COMMENT 'unique id ใช้สำหรับเชื่อมความสัมพันธ์กับ table อื่นๆ ',
  `schedule_id` int(11) NOT NULL COMMENT 'id กำหนดการไฟล์บิน',
  `employee_id` int(11) NOT NULL COMMENT 'id พนักงาน',
  `schedule_employee_plan_status_id` int(11) NOT NULL COMMENT 'id สถานะ',
  `create_at` datetime NOT NULL COMMENT 'วันเดือนปีที่สร้าง record',
  `update_at` datetime NOT NULL COMMENT 'วันเดือนปีที่แก้ไข record'
) ENGINE=InnoDB DEFAULT CHARSET=utf8mb4;

--
-- Dumping data for table `schedule_employee_plan`
--

INSERT INTO `schedule_employee_plan` (`id`, `schedule_id`, `employee_id`, `schedule_employee_plan_status_id`, `create_at`, `update_at`) VALUES
(1, 1, 1, 2, '2022-08-12 10:00:00', '2022-08-12 10:00:00'),
(2, 1, 16, 2, '2022-08-12 10:00:00', '2022-08-12 10:00:00'),
(3, 1, 3, 2, '2022-08-12 10:00:00', '2022-08-12 10:00:00'),
(4, 1, 4, 2, '2022-08-12 10:00:00', '2022-08-12 10:00:00'),
(5, 1, 5, 2, '2022-08-12 10:00:00', '2022-08-12 10:00:00'),
(6, 1, 6, 2, '2022-08-12 10:00:00', '2022-08-12 10:00:00'),
(7, 1, 14, 2, '2022-08-12 10:00:00', '2022-08-12 10:00:00'),
(8, 1, 15, 3, '2022-08-12 10:00:00', '2022-08-12 10:00:00'),
(9, 2, 1, 2, '2022-08-12 10:00:00', '2022-08-12 10:00:00'),
(10, 2, 16, 2, '2022-08-12 10:00:00', '2022-08-12 10:00:00'),
(11, 2, 3, 2, '2022-08-12 10:00:00', '2022-08-12 10:00:00'),
(12, 2, 4, 2, '2022-08-12 10:00:00', '2022-08-12 10:00:00'),
(13, 2, 5, 2, '2022-08-12 10:00:00', '2022-08-12 10:00:00'),
(14, 2, 6, 2, '2022-08-12 10:00:00', '2022-08-12 10:00:00'),
(15, 3, 2, 2, '2022-08-12 10:00:00', '2022-08-12 10:00:00'),
(16, 3, 17, 2, '2022-08-12 10:00:00', '2022-08-12 10:00:00'),
(17, 3, 10, 2, '2022-08-12 10:00:00', '2022-08-12 10:00:00'),
(18, 3, 11, 2, '2022-08-12 10:00:00', '2022-08-12 10:00:00'),
(19, 3, 12, 2, '2022-08-12 10:00:00', '2022-08-12 10:00:00'),
(20, 3, 13, 2, '2022-08-12 10:00:00', '2022-08-12 10:00:00'),
(21, 3, 14, 2, '2022-08-12 10:00:00', '2022-08-12 10:00:00'),
(22, 4, 2, 2, '2022-08-12 10:00:00', '2022-08-12 10:00:00'),
(23, 4, 17, 2, '2022-08-12 10:00:00', '2022-08-12 10:00:00'),
(24, 4, 10, 2, '2022-08-12 10:00:00', '2022-08-12 10:00:00'),
(25, 4, 11, 2, '2022-08-12 10:00:00', '2022-08-12 10:00:00'),
(26, 4, 12, 2, '2022-08-12 10:00:00', '2022-08-12 10:00:00'),
(27, 4, 13, 2, '2022-08-12 10:00:00', '2022-08-12 10:00:00'),
(28, 7, 1, 1, '2022-08-12 10:00:00', '2022-08-12 10:00:00'),
(29, 7, 16, 4, '2022-08-12 10:00:00', '2022-08-12 10:00:00'),
(30, 7, 3, 1, '2022-08-12 10:00:00', '2022-08-12 10:00:00'),
(31, 7, 4, 1, '2022-08-12 10:00:00', '2022-08-12 10:00:00'),
(32, 7, 5, 1, '2022-08-12 10:00:00', '2022-08-12 10:00:00'),
(33, 7, 6, 1, '2022-08-12 10:00:00', '2022-08-12 10:00:00'),
(34, 7, 15, 1, '2022-08-12 10:00:00', '2022-08-12 10:00:00'),
(35, 7, 18, 1, '2022-08-12 10:00:00', '2022-08-12 10:00:00'),
(36, 8, 1, 1, '2022-08-12 10:00:00', '2022-08-12 10:00:00'),
(37, 8, 16, 4, '2022-08-12 10:00:00', '2022-08-12 10:00:00'),
(38, 8, 3, 1, '2022-08-12 10:00:00', '2022-08-12 10:00:00'),
(39, 8, 4, 1, '2022-08-12 10:00:00', '2022-08-12 10:00:00'),
(40, 8, 5, 1, '2022-08-12 10:00:00', '2022-08-12 10:00:00'),
(41, 8, 6, 1, '2022-08-12 10:00:00', '2022-08-12 10:00:00'),
(42, 8, 15, 1, '2022-08-12 10:00:00', '2022-08-12 10:00:00'),
(43, 8, 18, 1, '2022-08-12 10:00:00', '2022-08-12 10:00:00');

-- --------------------------------------------------------

--
-- Table structure for table `schedule_employee_plan_status`
--

CREATE TABLE `schedule_employee_plan_status` (
  `id` int(11) NOT NULL COMMENT 'unique id ใช้สำหรับเชื่อมความสัมพันธ์กับ table อื่นๆ ',
  `title` varchar(30) NOT NULL COMMENT 'สถานะ เช่น ยืนยัน รอยืนยัน ยกเลิก ลากิจ ลาป่วย',
  `create_at` datetime NOT NULL COMMENT 'วันเดือนปีที่สร้าง record',
  `update_at` datetime NOT NULL COMMENT 'วันเดือนปีที่แก้ไข record'
) ENGINE=InnoDB DEFAULT CHARSET=utf8mb4;

--
-- Dumping data for table `schedule_employee_plan_status`
--

INSERT INTO `schedule_employee_plan_status` (`id`, `title`, `create_at`, `update_at`) VALUES
(1, 'planing', '2020-01-01 12:33:45', '2020-01-01 12:33:45'),
(2, 'confirm', '2020-01-01 12:33:45', '2020-01-01 12:33:45'),
(3, 'absence', '2020-01-01 12:33:45', '2020-01-01 12:33:45'),
(4, 'sick leave', '2020-01-01 12:33:45', '2020-01-01 12:33:45'),
(5, 'personal leave', '2020-01-01 12:33:45', '2020-01-01 12:33:45'),
(6, 'vacation leave', '2020-01-01 12:33:45', '2020-01-01 12:33:45');

-- --------------------------------------------------------

--
-- Table structure for table `schedule_status`
--

CREATE TABLE `schedule_status` (
  `id` int(11) NOT NULL COMMENT 'unique id ใช้สำหรับเชื่อมความสัมพันธ์กับ table อื่นๆ ',
  `title` varchar(10) NOT NULL COMMENT 'สถานะไฟล์บิน เดินทางตามกำหนดการปกติ หรือ ยกเลิก',
  `create_at` datetime NOT NULL COMMENT 'วันเดือนปีที่สร้าง record',
  `update_at` datetime NOT NULL COMMENT 'วันเดือนปีที่แก้ไข record'
) ENGINE=InnoDB DEFAULT CHARSET=utf8mb4;

--
-- Dumping data for table `schedule_status`
--

INSERT INTO `schedule_status` (`id`, `title`, `create_at`, `update_at`) VALUES
(1, 'normal', '2020-01-01 12:33:45', '2020-01-01 12:33:45'),
(2, 'cancel', '2020-01-01 12:33:45', '2020-01-01 12:33:45');

-- --------------------------------------------------------

--
-- Table structure for table `title`
--

CREATE TABLE `title` (
  `id` int(11) NOT NULL COMMENT 'unique id ใช้สำหรับเชื่อมความสัมพันธ์กับ table อื่นๆ ',
  `short` varchar(5) NOT NULL COMMENT 'คำนำหน้าแบบย่อ เช่น น.ส. ด.ช.',
  `full` varchar(10) NOT NULL COMMENT 'คำนำหน้าแบบเต็ม เช่น นางสาว เด็กชาย',
  `create_at` datetime NOT NULL COMMENT 'วันเดือนปีที่สร้าง record',
  `update_at` datetime NOT NULL COMMENT 'วันเดือนปีที่แก้ไข record'
) ENGINE=InnoDB DEFAULT CHARSET=utf8mb4;

--
-- Dumping data for table `title`
--

INSERT INTO `title` (`id`, `short`, `full`, `create_at`, `update_at`) VALUES
(1, 'Mstr.', 'Master', '2020-01-01 12:33:45', '2020-01-01 12:33:45'),
(2, 'Mr.', 'Mister', '2020-01-01 12:33:45', '2020-01-01 12:33:45'),
(3, 'Miss', 'Miss', '2020-01-01 12:33:45', '2020-01-01 12:33:45'),
(4, 'Mrs.', 'Mistress', '2020-01-01 12:33:45', '2020-01-01 12:33:45');

--
-- Indexes for dumped tables
--

--
-- Indexes for table `airplane`
--
ALTER TABLE `airplane`
  ADD PRIMARY KEY (`id`),
  ADD KEY `FK_airplane_airplane_data_id` (`airplane_data_id`),
  ADD KEY `FK_airplane_airplane_status_id` (`airplane_status_id`);

--
-- Indexes for table `airplane_data`
--
ALTER TABLE `airplane_data`
  ADD PRIMARY KEY (`id`),
  ADD KEY `FK_airplane_data_airplane_manufacturer_id` (`airplane_manufacturer_id`);

--
-- Indexes for table `airplane_manufacturer`
--
ALTER TABLE `airplane_manufacturer`
  ADD PRIMARY KEY (`id`);

--
-- Indexes for table `airplane_seat`
--
ALTER TABLE `airplane_seat`
  ADD PRIMARY KEY (`id`),
  ADD KEY `FK_airplane_seat_airplane_id` (`airplane_id`),
  ADD KEY `FK_airplane_seat_airplane_seat_class_id` (`airplane_seat_class_id`),
  ADD KEY `FK_airplane_seat_airplane_seat_status_id` (`airplane_seat_status_id`);

--
-- Indexes for table `airplane_seat_class`
--
ALTER TABLE `airplane_seat_class`
  ADD PRIMARY KEY (`id`);

--
-- Indexes for table `airplane_seat_status`
--
ALTER TABLE `airplane_seat_status`
  ADD PRIMARY KEY (`id`);

--
-- Indexes for table `airplane_status`
--
ALTER TABLE `airplane_status`
  ADD PRIMARY KEY (`id`);

--
-- Indexes for table `airport`
--
ALTER TABLE `airport`
  ADD PRIMARY KEY (`id`);

--
-- Indexes for table `booking`
--
ALTER TABLE `booking`
  ADD PRIMARY KEY (`id`),
  ADD KEY `reference_code` (`reference_code`),
  ADD KEY `FK_booking_booking_passenger_detail_id` (`booking_passenger_detail_id`),
  ADD KEY `FK_booking_schedule_id` (`schedule_id`),
  ADD KEY `FK_booking_airplane_seat_id` (`airplane_seat_id`),
  ADD KEY `FK_booking_member_id` (`member_id`),
  ADD KEY `FK_booking_employee_id` (`employee_id`);

--
-- Indexes for table `booking_passenger_detail`
--
ALTER TABLE `booking_passenger_detail`
  ADD PRIMARY KEY (`id`),
  ADD KEY `FK_booking_passenger_detail_title_id` (`title_id`);

--
-- Indexes for table `direction`
--
ALTER TABLE `direction`
  ADD PRIMARY KEY (`id`),
  ADD KEY `FK_direction_from_airport_id` (`from_airport_id`),
  ADD KEY `FK_direction_destination_airport_id` (`destination_airport_id`);

--
-- Indexes for table `discount`
--
ALTER TABLE `discount`
  ADD PRIMARY KEY (`id`),
  ADD KEY `FK_discount_schedule_id` (`schedule_id`),
  ADD KEY `FK_discount_airplane_seat_class_id` (`airplane_seat_class_id`);

--
-- Indexes for table `employee`
--
ALTER TABLE `employee`
  ADD PRIMARY KEY (`id`),
  ADD KEY `FK_employee_title_id` (`title_id`);

--
-- Indexes for table `employee_hire_log`
--
ALTER TABLE `employee_hire_log`
  ADD PRIMARY KEY (`id`),
  ADD KEY `FK_employee_hire_log_employee_id` (`employee_id`),
  ADD KEY `FK_employee_hire_log_employee_position_id` (`employee_position_id`);

--
-- Indexes for table `employee_position`
--
ALTER TABLE `employee_position`
  ADD PRIMARY KEY (`id`);

--
-- Indexes for table `employee_salary_log`
--
ALTER TABLE `employee_salary_log`
  ADD PRIMARY KEY (`id`),
  ADD KEY `FK_employee_salary_log_employee_id` (`employee_id`),
  ADD KEY `FK_employee_salary_log_salary_log_type_id` (`salary_log_type_id`);

--
-- Indexes for table `employee_salary_log_type`
--
ALTER TABLE `employee_salary_log_type`
  ADD PRIMARY KEY (`id`);

--
-- Indexes for table `member`
--
ALTER TABLE `member`
  ADD PRIMARY KEY (`id`);

--
-- Indexes for table `passenger_bag`
--
ALTER TABLE `passenger_bag`
  ADD PRIMARY KEY (`id`),
  ADD KEY `FK_passenger_bag_booking_id` (`booking_id`);

--
-- Indexes for table `passenger_log`
--
ALTER TABLE `passenger_log`
  ADD PRIMARY KEY (`id`),
  ADD KEY `FK_passenger_log_booking_id` (`booking_id`),
  ADD KEY `FK_passenger_log_passenger_log_status_id` (`passenger_log_status_id`);

--
-- Indexes for table `passenger_log_status`
--
ALTER TABLE `passenger_log_status`
  ADD PRIMARY KEY (`id`);

--
-- Indexes for table `payment`
--
ALTER TABLE `payment`
  ADD PRIMARY KEY (`id`),
  ADD KEY `booking_reference_code` (`booking_reference_code`),
  ADD KEY `FK_payment_payment_method_id` (`payment_method_id`);

--
-- Indexes for table `payment_method`
--
ALTER TABLE `payment_method`
  ADD PRIMARY KEY (`id`);

--
-- Indexes for table `schedule`
--
ALTER TABLE `schedule`
  ADD PRIMARY KEY (`id`),
  ADD KEY `FK_schedule_direction_id` (`direction_id`),
  ADD KEY `FK_schedule_airplane_id` (`airplane_id`),
  ADD KEY `FK_schedule_schedule_status_id` (`schedule_status_id`);

--
-- Indexes for table `schedule_employee_plan`
--
ALTER TABLE `schedule_employee_plan`
  ADD PRIMARY KEY (`id`),
  ADD KEY `FK_schedule_employee_plan_schedule_id` (`schedule_id`),
  ADD KEY `FK_schedule_employee_plan_employee_id` (`employee_id`),
  ADD KEY `FK_schedule_employee_plan_schedule_employee_plan_status_id` (`schedule_employee_plan_status_id`);

--
-- Indexes for table `schedule_employee_plan_status`
--
ALTER TABLE `schedule_employee_plan_status`
  ADD PRIMARY KEY (`id`);

--
-- Indexes for table `schedule_status`
--
ALTER TABLE `schedule_status`
  ADD PRIMARY KEY (`id`);

--
-- Indexes for table `title`
--
ALTER TABLE `title`
  ADD PRIMARY KEY (`id`);

--
-- AUTO_INCREMENT for dumped tables
--

--
-- AUTO_INCREMENT for table `airplane`
--
ALTER TABLE `airplane`
  MODIFY `id` int(11) NOT NULL AUTO_INCREMENT COMMENT 'unique id ใช้สำหรับเชื่อมความสัมพันธ์กับ table อื่นๆ ', AUTO_INCREMENT=11;

--
-- AUTO_INCREMENT for table `airplane_data`
--
ALTER TABLE `airplane_data`
  MODIFY `id` int(11) NOT NULL AUTO_INCREMENT COMMENT 'unique id ใช้สำหรับเชื่อมความสัมพันธ์กับ table อื่นๆ ', AUTO_INCREMENT=15;

--
-- AUTO_INCREMENT for table `airplane_manufacturer`
--
ALTER TABLE `airplane_manufacturer`
  MODIFY `id` int(11) NOT NULL AUTO_INCREMENT COMMENT 'unique id ใช้สำหรับเชื่อมความสัมพันธ์กับ table อื่นๆ ', AUTO_INCREMENT=3;

--
-- AUTO_INCREMENT for table `airplane_seat`
--
ALTER TABLE `airplane_seat`
  MODIFY `id` int(11) NOT NULL AUTO_INCREMENT COMMENT 'unique id ใช้สำหรับเชื่อมความสัมพันธ์กับ table อื่นๆ ', AUTO_INCREMENT=52;

--
-- AUTO_INCREMENT for table `airplane_seat_class`
--
ALTER TABLE `airplane_seat_class`
  MODIFY `id` int(11) NOT NULL AUTO_INCREMENT COMMENT 'unique id ใช้สำหรับเชื่อมความสัมพันธ์กับ table อื่นๆ ', AUTO_INCREMENT=6;

--
-- AUTO_INCREMENT for table `airplane_seat_status`
--
ALTER TABLE `airplane_seat_status`
  MODIFY `id` int(11) NOT NULL AUTO_INCREMENT COMMENT 'unique id ใช้สำหรับเชื่อมความสัมพันธ์กับ table อื่นๆ ', AUTO_INCREMENT=5;

--
-- AUTO_INCREMENT for table `airplane_status`
--
ALTER TABLE `airplane_status`
  MODIFY `id` int(11) NOT NULL AUTO_INCREMENT COMMENT 'unique id ใช้สำหรับเชื่อมความสัมพันธ์กับ table อื่นๆ ', AUTO_INCREMENT=4;

--
-- AUTO_INCREMENT for table `airport`
--
ALTER TABLE `airport`
  MODIFY `id` int(11) NOT NULL AUTO_INCREMENT COMMENT 'unique id ใช้สำหรับเชื่อมความสัมพันธ์กับ table อื่นๆ ', AUTO_INCREMENT=468;

--
-- AUTO_INCREMENT for table `booking`
--
ALTER TABLE `booking`
  MODIFY `id` int(11) NOT NULL AUTO_INCREMENT COMMENT 'unique id ใช้สำหรับเชื่อมความสัมพันธ์กับ table อื่นๆ ', AUTO_INCREMENT=22;

--
-- AUTO_INCREMENT for table `booking_passenger_detail`
--
ALTER TABLE `booking_passenger_detail`
  MODIFY `id` int(11) NOT NULL AUTO_INCREMENT COMMENT 'unique id ใช้สำหรับเชื่อมความสัมพันธ์กับ table อื่นๆ ', AUTO_INCREMENT=17;

--
-- AUTO_INCREMENT for table `direction`
--
ALTER TABLE `direction`
  MODIFY `id` int(11) NOT NULL AUTO_INCREMENT COMMENT 'unique id ใช้สำหรับเชื่อมความสัมพันธ์กับ table อื่นๆ ', AUTO_INCREMENT=11;

--
-- AUTO_INCREMENT for table `discount`
--
ALTER TABLE `discount`
  MODIFY `id` int(11) NOT NULL AUTO_INCREMENT COMMENT 'unique id ใช้สำหรับเชื่อมความสัมพันธ์กับ table อื่นๆ ', AUTO_INCREMENT=12;

--
-- AUTO_INCREMENT for table `employee`
--
ALTER TABLE `employee`
  MODIFY `id` int(11) NOT NULL AUTO_INCREMENT COMMENT 'unique id ใช้สำหรับเชื่อมความสัมพันธ์กับ table อื่นๆ ', AUTO_INCREMENT=24;

--
-- AUTO_INCREMENT for table `employee_hire_log`
--
ALTER TABLE `employee_hire_log`
  MODIFY `id` int(11) NOT NULL AUTO_INCREMENT COMMENT 'unique id ใช้สำหรับเชื่อมความสัมพันธ์กับ table อื่นๆ ', AUTO_INCREMENT=24;

--
-- AUTO_INCREMENT for table `employee_position`
--
ALTER TABLE `employee_position`
  MODIFY `id` int(11) NOT NULL AUTO_INCREMENT COMMENT 'unique id ใช้สำหรับเชื่อมความสัมพันธ์กับ table อื่นๆ ', AUTO_INCREMENT=6;

--
-- AUTO_INCREMENT for table `employee_salary_log`
--
ALTER TABLE `employee_salary_log`
  MODIFY `id` int(11) NOT NULL AUTO_INCREMENT COMMENT 'unique id ใช้สำหรับเชื่อมความสัมพันธ์กับ table อื่นๆ ', AUTO_INCREMENT=27;

--
-- AUTO_INCREMENT for table `employee_salary_log_type`
--
ALTER TABLE `employee_salary_log_type`
  MODIFY `id` int(11) NOT NULL AUTO_INCREMENT COMMENT 'unique id ใช้สำหรับเชื่อมความสัมพันธ์กับ table อื่นๆ ', AUTO_INCREMENT=4;

--
-- AUTO_INCREMENT for table `member`
--
ALTER TABLE `member`
  MODIFY `id` int(11) NOT NULL AUTO_INCREMENT COMMENT 'unique id ใช้สำหรับเชื่อมความสัมพันธ์กับ table อื่นๆ ', AUTO_INCREMENT=16;

--
-- AUTO_INCREMENT for table `passenger_bag`
--
ALTER TABLE `passenger_bag`
  MODIFY `id` int(11) NOT NULL AUTO_INCREMENT COMMENT 'unique id ใช้สำหรับเชื่อมความสัมพันธ์กับ table อื่นๆ ', AUTO_INCREMENT=16;

--
-- AUTO_INCREMENT for table `passenger_log`
--
ALTER TABLE `passenger_log`
  MODIFY `id` int(11) NOT NULL AUTO_INCREMENT COMMENT 'unique id ใช้สำหรับเชื่อมความสัมพันธ์กับ table อื่นๆ ', AUTO_INCREMENT=29;

--
-- AUTO_INCREMENT for table `passenger_log_status`
--
ALTER TABLE `passenger_log_status`
  MODIFY `id` int(11) NOT NULL AUTO_INCREMENT COMMENT 'unique id ใช้สำหรับเชื่อมความสัมพันธ์กับ table อื่นๆ ', AUTO_INCREMENT=3;

--
-- AUTO_INCREMENT for table `payment`
--
ALTER TABLE `payment`
  MODIFY `id` int(11) NOT NULL AUTO_INCREMENT COMMENT 'unique id ใช้สำหรับเชื่อมความสัมพันธ์กับ table อื่นๆ ', AUTO_INCREMENT=6;

--
-- AUTO_INCREMENT for table `payment_method`
--
ALTER TABLE `payment_method`
  MODIFY `id` int(11) NOT NULL AUTO_INCREMENT COMMENT 'unique id ใช้สำหรับเชื่อมความสัมพันธ์กับ table อื่นๆ ', AUTO_INCREMENT=5;

--
-- AUTO_INCREMENT for table `schedule`
--
ALTER TABLE `schedule`
  MODIFY `id` int(11) NOT NULL AUTO_INCREMENT COMMENT 'unique id ใช้สำหรับเชื่อมความสัมพันธ์กับ table อื่นๆ ', AUTO_INCREMENT=12;

--
-- AUTO_INCREMENT for table `schedule_employee_plan`
--
ALTER TABLE `schedule_employee_plan`
  MODIFY `id` int(11) NOT NULL AUTO_INCREMENT COMMENT 'unique id ใช้สำหรับเชื่อมความสัมพันธ์กับ table อื่นๆ ', AUTO_INCREMENT=44;

--
-- AUTO_INCREMENT for table `schedule_employee_plan_status`
--
ALTER TABLE `schedule_employee_plan_status`
  MODIFY `id` int(11) NOT NULL AUTO_INCREMENT COMMENT 'unique id ใช้สำหรับเชื่อมความสัมพันธ์กับ table อื่นๆ ', AUTO_INCREMENT=7;

--
-- AUTO_INCREMENT for table `schedule_status`
--
ALTER TABLE `schedule_status`
  MODIFY `id` int(11) NOT NULL AUTO_INCREMENT COMMENT 'unique id ใช้สำหรับเชื่อมความสัมพันธ์กับ table อื่นๆ ', AUTO_INCREMENT=3;

--
-- AUTO_INCREMENT for table `title`
--
ALTER TABLE `title`
  MODIFY `id` int(11) NOT NULL AUTO_INCREMENT COMMENT 'unique id ใช้สำหรับเชื่อมความสัมพันธ์กับ table อื่นๆ ', AUTO_INCREMENT=5;

--
-- Constraints for dumped tables
--

--
-- Constraints for table `airplane`
--
ALTER TABLE `airplane`
  ADD CONSTRAINT `FK_airplane_airplane_data_id` FOREIGN KEY (`airplane_data_id`) REFERENCES `airplane_data` (`id`),
  ADD CONSTRAINT `FK_airplane_airplane_status_id` FOREIGN KEY (`airplane_status_id`) REFERENCES `airplane_status` (`id`);

--
-- Constraints for table `airplane_data`
--
ALTER TABLE `airplane_data`
  ADD CONSTRAINT `FK_airplane_data_airplane_manufacturer_id` FOREIGN KEY (`airplane_manufacturer_id`) REFERENCES `airplane_manufacturer` (`id`);

--
-- Constraints for table `airplane_seat`
--
ALTER TABLE `airplane_seat`
  ADD CONSTRAINT `FK_airplane_seat_airplane_id` FOREIGN KEY (`airplane_id`) REFERENCES `airplane` (`id`),
  ADD CONSTRAINT `FK_airplane_seat_airplane_seat_class_id` FOREIGN KEY (`airplane_seat_class_id`) REFERENCES `airplane_seat_class` (`id`),
  ADD CONSTRAINT `FK_airplane_seat_airplane_seat_status_id` FOREIGN KEY (`airplane_seat_status_id`) REFERENCES `airplane_seat_status` (`id`);

--
-- Constraints for table `booking`
--
ALTER TABLE `booking`
  ADD CONSTRAINT `FK_booking_airplane_seat_id` FOREIGN KEY (`airplane_seat_id`) REFERENCES `airplane_seat` (`id`),
  ADD CONSTRAINT `FK_booking_booking_passenger_detail_id` FOREIGN KEY (`booking_passenger_detail_id`) REFERENCES `booking_passenger_detail` (`id`),
  ADD CONSTRAINT `FK_booking_employee_id` FOREIGN KEY (`employee_id`) REFERENCES `employee` (`id`),
  ADD CONSTRAINT `FK_booking_member_id` FOREIGN KEY (`member_id`) REFERENCES `member` (`id`),
  ADD CONSTRAINT `FK_booking_schedule_id` FOREIGN KEY (`schedule_id`) REFERENCES `schedule` (`id`);

--
-- Constraints for table `booking_passenger_detail`
--
ALTER TABLE `booking_passenger_detail`
  ADD CONSTRAINT `FK_booking_passenger_detail_title_id` FOREIGN KEY (`title_id`) REFERENCES `title` (`id`);

--
-- Constraints for table `direction`
--
ALTER TABLE `direction`
  ADD CONSTRAINT `FK_direction_destination_airport_id` FOREIGN KEY (`destination_airport_id`) REFERENCES `airport` (`id`),
  ADD CONSTRAINT `FK_direction_from_airport_id` FOREIGN KEY (`from_airport_id`) REFERENCES `airport` (`id`);

--
-- Constraints for table `discount`
--
ALTER TABLE `discount`
  ADD CONSTRAINT `FK_discount_airplane_seat_class_id` FOREIGN KEY (`airplane_seat_class_id`) REFERENCES `airplane_seat_class` (`id`),
  ADD CONSTRAINT `FK_discount_schedule_id` FOREIGN KEY (`schedule_id`) REFERENCES `schedule` (`id`);

--
-- Constraints for table `employee`
--
ALTER TABLE `employee`
  ADD CONSTRAINT `FK_employee_title_id` FOREIGN KEY (`title_id`) REFERENCES `title` (`id`);

--
-- Constraints for table `employee_hire_log`
--
ALTER TABLE `employee_hire_log`
  ADD CONSTRAINT `FK_employee_hire_log_employee_id` FOREIGN KEY (`employee_id`) REFERENCES `employee` (`id`),
  ADD CONSTRAINT `FK_employee_hire_log_employee_position_id` FOREIGN KEY (`employee_position_id`) REFERENCES `employee_position` (`id`);

--
-- Constraints for table `employee_salary_log`
--
ALTER TABLE `employee_salary_log`
  ADD CONSTRAINT `FK_employee_salary_log_employee_id` FOREIGN KEY (`employee_id`) REFERENCES `employee` (`id`),
  ADD CONSTRAINT `FK_employee_salary_log_salary_log_type_id` FOREIGN KEY (`salary_log_type_id`) REFERENCES `employee_salary_log_type` (`id`);

--
-- Constraints for table `passenger_bag`
--
ALTER TABLE `passenger_bag`
  ADD CONSTRAINT `FK_passenger_bag_booking_id` FOREIGN KEY (`booking_id`) REFERENCES `booking` (`id`);

--
-- Constraints for table `passenger_log`
--
ALTER TABLE `passenger_log`
  ADD CONSTRAINT `FK_passenger_log_booking_id` FOREIGN KEY (`booking_id`) REFERENCES `booking` (`id`),
  ADD CONSTRAINT `FK_passenger_log_passenger_log_status_id` FOREIGN KEY (`passenger_log_status_id`) REFERENCES `passenger_log_status` (`id`);

--
-- Constraints for table `payment`
--
ALTER TABLE `payment`
  ADD CONSTRAINT `FK_payment_booking_reference_code` FOREIGN KEY (`booking_reference_code`) REFERENCES `booking` (`reference_code`),
  ADD CONSTRAINT `FK_payment_payment_method_id` FOREIGN KEY (`payment_method_id`) REFERENCES `payment_method` (`id`);

--
-- Constraints for table `schedule`
--
ALTER TABLE `schedule`
  ADD CONSTRAINT `FK_schedule_airplane_id` FOREIGN KEY (`airplane_id`) REFERENCES `airplane` (`id`),
  ADD CONSTRAINT `FK_schedule_direction_id` FOREIGN KEY (`direction_id`) REFERENCES `direction` (`id`),
  ADD CONSTRAINT `FK_schedule_schedule_status_id` FOREIGN KEY (`schedule_status_id`) REFERENCES `schedule_status` (`id`);

--
-- Constraints for table `schedule_employee_plan`
--
ALTER TABLE `schedule_employee_plan`
  ADD CONSTRAINT `FK_schedule_employee_plan_employee_id` FOREIGN KEY (`employee_id`) REFERENCES `employee` (`id`),
  ADD CONSTRAINT `FK_schedule_employee_plan_schedule_employee_plan_status_id` FOREIGN KEY (`schedule_employee_plan_status_id`) REFERENCES `schedule_employee_plan_status` (`id`),
  ADD CONSTRAINT `FK_schedule_employee_plan_schedule_id` FOREIGN KEY (`schedule_id`) REFERENCES `schedule` (`id`);
COMMIT;

/*!40101 SET CHARACTER_SET_CLIENT=@OLD_CHARACTER_SET_CLIENT */;
/*!40101 SET CHARACTER_SET_RESULTS=@OLD_CHARACTER_SET_RESULTS */;
/*!40101 SET COLLATION_CONNECTION=@OLD_COLLATION_CONNECTION */;
